timestamp, utilization.gpu [%], utilization.memory [%], memory.total [MiB], memory.free [MiB], memory.used [MiB]
2023/01/02 17:04:50.696, 10 %, 0 %, 15360 MiB, 14910 MiB, 0 MiB
2023/01/02 17:04:51.698, 0 %, 0 %, 15360 MiB, 14910 MiB, 0 MiB
2023/01/02 17:04:52.699, 0 %, 0 %, 15360 MiB, 14910 MiB, 0 MiB
2023/01/02 17:04:53.700, 0 %, 0 %, 15360 MiB, 14910 MiB, 0 MiB
2023/01/02 17:04:54.702, 0 %, 0 %, 15360 MiB, 14910 MiB, 0 MiB
2023/01/02 17:04:55.703, 0 %, 0 %, 15360 MiB, 14910 MiB, 0 MiB
2023/01/02 17:04:56.704, 0 %, 0 %, 15360 MiB, 14910 MiB, 0 MiB
2023/01/02 17:04:57.705, 0 %, 0 %, 15360 MiB, 14910 MiB, 0 MiB
2023/01/02 17:04:58.706, 0 %, 0 %, 15360 MiB, 14910 MiB, 0 MiB
2023/01/02 17:04:59.708, 0 %, 0 %, 15360 MiB, 14910 MiB, 0 MiB
2023/01/02 17:05:00.709, 0 %, 0 %, 15360 MiB, 14910 MiB, 0 MiB
2023/01/02 17:05:01.710, 0 %, 0 %, 15360 MiB, 14910 MiB, 0 MiB
2023/01/02 17:05:02.712, 0 %, 0 %, 15360 MiB, 14910 MiB, 0 MiB
2023/01/02 17:05:03.714, 0 %, 0 %, 15360 MiB, 14910 MiB, 0 MiB
2023/01/02 17:05:04.716, 0 %, 0 %, 15360 MiB, 14910 MiB, 0 MiB
2023/01/02 17:05:05.718, 0 %, 0 %, 15360 MiB, 14910 MiB, 0 MiB
2023/01/02 17:05:06.720, 0 %, 0 %, 15360 MiB, 14910 MiB, 0 MiB
2023/01/02 17:05:07.722, 0 %, 0 %, 15360 MiB, 14910 MiB, 0 MiB
2023/01/02 17:05:08.724, 0 %, 0 %, 15360 MiB, 14910 MiB, 0 MiB
2023/01/02 17:05:09.727, 0 %, 0 %, 15360 MiB, 14910 MiB, 0 MiB
2023/01/02 17:05:10.729, 0 %, 0 %, 15360 MiB, 14910 MiB, 0 MiB
2023/01/02 17:05:11.731, 0 %, 0 %, 15360 MiB, 14910 MiB, 0 MiB
2023/01/02 17:05:12.733, 0 %, 0 %, 15360 MiB, 14910 MiB, 0 MiB
2023/01/02 17:05:13.735, 0 %, 0 %, 15360 MiB, 14910 MiB, 0 MiB
2023/01/02 17:05:14.737, 0 %, 0 %, 15360 MiB, 14910 MiB, 0 MiB
2023/01/02 17:05:15.739, 0 %, 0 %, 15360 MiB, 14910 MiB, 0 MiB
2023/01/02 17:05:16.741, 0 %, 0 %, 15360 MiB, 14910 MiB, 0 MiB
2023/01/02 17:05:17.743, 0 %, 0 %, 15360 MiB, 14910 MiB, 0 MiB
2023/01/02 17:05:18.745, 0 %, 0 %, 15360 MiB, 14910 MiB, 0 MiB
2023/01/02 17:05:19.747, 0 %, 0 %, 15360 MiB, 14910 MiB, 0 MiB
2023/01/02 17:05:20.750, 0 %, 0 %, 15360 MiB, 14910 MiB, 0 MiB
2023/01/02 17:05:21.751, 0 %, 0 %, 15360 MiB, 14910 MiB, 0 MiB
2023/01/02 17:05:22.753, 0 %, 0 %, 15360 MiB, 14910 MiB, 0 MiB
2023/01/02 17:05:23.755, 0 %, 0 %, 15360 MiB, 14910 MiB, 0 MiB
2023/01/02 17:05:24.757, 0 %, 0 %, 15360 MiB, 14910 MiB, 0 MiB
2023/01/02 17:05:25.759, 0 %, 0 %, 15360 MiB, 14910 MiB, 0 MiB
2023/01/02 17:05:26.761, 0 %, 0 %, 15360 MiB, 14910 MiB, 0 MiB
2023/01/02 17:05:27.763, 0 %, 0 %, 15360 MiB, 14910 MiB, 0 MiB
2023/01/02 17:05:28.765, 0 %, 0 %, 15360 MiB, 14910 MiB, 0 MiB
2023/01/02 17:05:29.767, 0 %, 0 %, 15360 MiB, 14910 MiB, 0 MiB
2023/01/02 17:05:30.769, 0 %, 0 %, 15360 MiB, 14770 MiB, 139 MiB
2023/01/02 17:05:31.770, 0 %, 0 %, 15360 MiB, 1048 MiB, 13861 MiB
2023/01/02 17:05:32.772, 1 %, 1 %, 15360 MiB, 1048 MiB, 13861 MiB
2023/01/02 17:05:33.773, 0 %, 0 %, 15360 MiB, 1048 MiB, 13861 MiB
2023/01/02 17:05:34.774, 0 %, 0 %, 15360 MiB, 1048 MiB, 13861 MiB
2023/01/02 17:05:35.775, 0 %, 0 %, 15360 MiB, 1048 MiB, 13861 MiB
2023/01/02 17:05:36.777, 0 %, 0 %, 15360 MiB, 1048 MiB, 13861 MiB
2023/01/02 17:05:37.778, 0 %, 0 %, 15360 MiB, 1048 MiB, 13861 MiB
2023/01/02 17:05:38.779, 0 %, 0 %, 15360 MiB, 1048 MiB, 13861 MiB
2023/01/02 17:05:39.780, 0 %, 0 %, 15360 MiB, 1048 MiB, 13861 MiB
2023/01/02 17:05:40.781, 1 %, 0 %, 15360 MiB, 950 MiB, 13959 MiB
2023/01/02 17:05:41.782, 1 %, 0 %, 15360 MiB, 838 MiB, 14071 MiB
2023/01/02 17:05:42.784, 2 %, 0 %, 15360 MiB, 716 MiB, 14193 MiB
2023/01/02 17:05:43.785, 1 %, 0 %, 15360 MiB, 662 MiB, 14247 MiB
2023/01/02 17:05:44.786, 1 %, 0 %, 15360 MiB, 530 MiB, 14379 MiB
2023/01/02 17:05:45.787, 1 %, 0 %, 15360 MiB, 458 MiB, 14451 MiB
2023/01/02 17:05:46.789, 91 %, 73 %, 15360 MiB, 458 MiB, 14451 MiB
2023/01/02 17:05:47.791, 55 %, 44 %, 15360 MiB, 458 MiB, 14451 MiB
2023/01/02 17:05:48.792, 58 %, 47 %, 15360 MiB, 458 MiB, 14451 MiB
2023/01/02 17:05:49.794, 69 %, 55 %, 15360 MiB, 458 MiB, 14451 MiB
2023/01/02 17:05:50.796, 75 %, 56 %, 15360 MiB, 458 MiB, 14451 MiB
2023/01/02 17:05:51.799, 73 %, 56 %, 15360 MiB, 458 MiB, 14451 MiB
2023/01/02 17:05:52.800, 71 %, 54 %, 15360 MiB, 458 MiB, 14451 MiB
2023/01/02 17:05:53.801, 69 %, 54 %, 15360 MiB, 458 MiB, 14451 MiB
2023/01/02 17:05:54.803, 27 %, 23 %, 15360 MiB, 458 MiB, 14451 MiB
2023/01/02 17:05:55.804, 80 %, 61 %, 15360 MiB, 458 MiB, 14451 MiB
2023/01/02 17:05:56.806, 74 %, 56 %, 15360 MiB, 458 MiB, 14451 MiB
2023/01/02 17:05:57.808, 62 %, 49 %, 15360 MiB, 458 MiB, 14451 MiB
2023/01/02 17:05:58.810, 71 %, 54 %, 15360 MiB, 458 MiB, 14451 MiB
2023/01/02 17:05:59.811, 65 %, 50 %, 15360 MiB, 458 MiB, 14451 MiB
2023/01/02 17:06:00.812, 74 %, 56 %, 15360 MiB, 458 MiB, 14451 MiB
2023/01/02 17:06:01.814, 74 %, 58 %, 15360 MiB, 458 MiB, 14451 MiB
2023/01/02 17:06:02.819, 44 %, 34 %, 15360 MiB, 458 MiB, 14451 MiB
2023/01/02 17:06:03.820, 52 %, 41 %, 15360 MiB, 458 MiB, 14451 MiB
2023/01/02 17:06:04.822, 68 %, 56 %, 15360 MiB, 458 MiB, 14451 MiB
2023/01/02 17:06:05.825, 70 %, 56 %, 15360 MiB, 458 MiB, 14451 MiB
2023/01/02 17:06:06.826, 66 %, 50 %, 15360 MiB, 458 MiB, 14451 MiB
2023/01/02 17:06:07.828, 75 %, 58 %, 15360 MiB, 458 MiB, 14451 MiB
2023/01/02 17:06:08.830, 54 %, 44 %, 15360 MiB, 458 MiB, 14451 MiB
2023/01/02 17:06:09.833, 77 %, 59 %, 15360 MiB, 458 MiB, 14451 MiB
2023/01/02 17:06:10.834, 71 %, 58 %, 15360 MiB, 458 MiB, 14451 MiB
2023/01/02 17:06:11.836, 47 %, 39 %, 15360 MiB, 458 MiB, 14451 MiB
2023/01/02 17:06:12.838, 60 %, 46 %, 15360 MiB, 458 MiB, 14451 MiB
2023/01/02 17:06:13.839, 66 %, 51 %, 15360 MiB, 458 MiB, 14451 MiB
2023/01/02 17:06:14.840, 76 %, 59 %, 15360 MiB, 458 MiB, 14451 MiB
2023/01/02 17:06:15.841, 68 %, 51 %, 15360 MiB, 458 MiB, 14451 MiB
2023/01/02 17:06:16.843, 70 %, 54 %, 15360 MiB, 458 MiB, 14451 MiB
2023/01/02 17:06:17.844, 79 %, 63 %, 15360 MiB, 458 MiB, 14451 MiB
2023/01/02 17:06:18.845, 78 %, 61 %, 15360 MiB, 458 MiB, 14451 MiB
2023/01/02 17:06:19.847, 76 %, 58 %, 15360 MiB, 458 MiB, 14451 MiB
2023/01/02 17:06:20.849, 72 %, 57 %, 15360 MiB, 458 MiB, 14451 MiB
2023/01/02 17:06:21.852, 89 %, 69 %, 15360 MiB, 458 MiB, 14451 MiB
2023/01/02 17:06:22.853, 70 %, 53 %, 15360 MiB, 458 MiB, 14451 MiB
2023/01/02 17:06:23.855, 84 %, 66 %, 15360 MiB, 458 MiB, 14451 MiB
2023/01/02 17:06:24.857, 72 %, 56 %, 15360 MiB, 458 MiB, 14451 MiB
2023/01/02 17:06:25.860, 69 %, 53 %, 15360 MiB, 458 MiB, 14451 MiB
2023/01/02 17:06:26.862, 68 %, 51 %, 15360 MiB, 458 MiB, 14451 MiB
2023/01/02 17:06:27.863, 73 %, 56 %, 15360 MiB, 458 MiB, 14451 MiB
2023/01/02 17:06:28.865, 70 %, 54 %, 15360 MiB, 458 MiB, 14451 MiB
2023/01/02 17:06:29.867, 72 %, 55 %, 15360 MiB, 458 MiB, 14451 MiB
2023/01/02 17:06:30.868, 72 %, 56 %, 15360 MiB, 458 MiB, 14451 MiB
2023/01/02 17:06:31.870, 75 %, 59 %, 15360 MiB, 458 MiB, 14451 MiB
2023/01/02 17:06:32.872, 70 %, 54 %, 15360 MiB, 458 MiB, 14451 MiB
2023/01/02 17:06:33.873, 62 %, 50 %, 15360 MiB, 458 MiB, 14451 MiB
2023/01/02 17:06:34.875, 74 %, 54 %, 15360 MiB, 458 MiB, 14451 MiB
2023/01/02 17:06:35.877, 68 %, 51 %, 15360 MiB, 458 MiB, 14451 MiB
2023/01/02 17:06:36.879, 86 %, 66 %, 15360 MiB, 458 MiB, 14451 MiB
2023/01/02 17:06:37.881, 91 %, 68 %, 15360 MiB, 458 MiB, 14451 MiB
2023/01/02 17:06:38.883, 67 %, 50 %, 15360 MiB, 458 MiB, 14451 MiB
2023/01/02 17:06:39.884, 0 %, 0 %, 15360 MiB, 458 MiB, 14451 MiB
2023/01/02 17:06:40.887, 73 %, 56 %, 15360 MiB, 458 MiB, 14451 MiB
2023/01/02 17:06:41.888, 64 %, 53 %, 15360 MiB, 458 MiB, 14451 MiB
2023/01/02 17:06:42.890, 63 %, 50 %, 15360 MiB, 458 MiB, 14451 MiB
2023/01/02 17:06:43.891, 75 %, 58 %, 15360 MiB, 458 MiB, 14451 MiB
2023/01/02 17:06:44.893, 73 %, 55 %, 15360 MiB, 458 MiB, 14451 MiB
2023/01/02 17:06:45.894, 75 %, 58 %, 15360 MiB, 458 MiB, 14451 MiB
2023/01/02 17:06:46.897, 78 %, 60 %, 15360 MiB, 458 MiB, 14451 MiB
2023/01/02 17:06:47.898, 66 %, 52 %, 15360 MiB, 458 MiB, 14451 MiB
2023/01/02 17:06:48.901, 70 %, 55 %, 15360 MiB, 458 MiB, 14451 MiB
2023/01/02 17:06:49.902, 75 %, 57 %, 15360 MiB, 458 MiB, 14451 MiB
2023/01/02 17:06:50.904, 61 %, 48 %, 15360 MiB, 458 MiB, 14451 MiB
2023/01/02 17:06:51.907, 71 %, 56 %, 15360 MiB, 458 MiB, 14451 MiB
2023/01/02 17:06:52.910, 68 %, 53 %, 15360 MiB, 458 MiB, 14451 MiB
2023/01/02 17:06:53.911, 71 %, 55 %, 15360 MiB, 458 MiB, 14451 MiB
2023/01/02 17:06:54.912, 70 %, 51 %, 15360 MiB, 458 MiB, 14451 MiB
2023/01/02 17:06:55.913, 66 %, 51 %, 15360 MiB, 458 MiB, 14451 MiB
2023/01/02 17:06:56.915, 71 %, 54 %, 15360 MiB, 458 MiB, 14451 MiB
2023/01/02 17:06:57.917, 62 %, 49 %, 15360 MiB, 458 MiB, 14451 MiB
2023/01/02 17:06:58.919, 69 %, 53 %, 15360 MiB, 458 MiB, 14451 MiB
2023/01/02 17:06:59.920, 72 %, 55 %, 15360 MiB, 458 MiB, 14451 MiB
2023/01/02 17:07:00.921, 65 %, 50 %, 15360 MiB, 458 MiB, 14451 MiB
2023/01/02 17:07:01.923, 68 %, 52 %, 15360 MiB, 458 MiB, 14451 MiB
2023/01/02 17:07:02.930, 63 %, 49 %, 15360 MiB, 458 MiB, 14451 MiB
2023/01/02 17:07:03.937, 61 %, 49 %, 15360 MiB, 458 MiB, 14451 MiB
2023/01/02 17:07:04.938, 55 %, 42 %, 15360 MiB, 458 MiB, 14451 MiB
2023/01/02 17:07:05.939, 66 %, 51 %, 15360 MiB, 458 MiB, 14451 MiB
2023/01/02 17:07:06.942, 65 %, 51 %, 15360 MiB, 458 MiB, 14451 MiB
2023/01/02 17:07:07.943, 73 %, 58 %, 15360 MiB, 458 MiB, 14451 MiB
2023/01/02 17:07:08.944, 64 %, 51 %, 15360 MiB, 458 MiB, 14451 MiB
2023/01/02 17:07:09.945, 73 %, 56 %, 15360 MiB, 458 MiB, 14451 MiB
2023/01/02 17:07:10.947, 67 %, 51 %, 15360 MiB, 458 MiB, 14451 MiB
2023/01/02 17:07:11.949, 74 %, 56 %, 15360 MiB, 458 MiB, 14451 MiB
2023/01/02 17:07:12.950, 84 %, 66 %, 15360 MiB, 458 MiB, 14451 MiB
2023/01/02 17:07:13.952, 66 %, 50 %, 15360 MiB, 458 MiB, 14451 MiB
2023/01/02 17:07:14.954, 69 %, 53 %, 15360 MiB, 458 MiB, 14451 MiB
2023/01/02 17:07:15.955, 72 %, 54 %, 15360 MiB, 458 MiB, 14451 MiB
2023/01/02 17:07:16.956, 57 %, 45 %, 15360 MiB, 458 MiB, 14451 MiB
2023/01/02 17:07:17.959, 69 %, 54 %, 15360 MiB, 458 MiB, 14451 MiB
2023/01/02 17:07:18.961, 70 %, 54 %, 15360 MiB, 458 MiB, 14451 MiB
2023/01/02 17:07:19.962, 70 %, 53 %, 15360 MiB, 458 MiB, 14451 MiB
2023/01/02 17:07:20.964, 76 %, 58 %, 15360 MiB, 458 MiB, 14451 MiB
2023/01/02 17:07:21.966, 62 %, 51 %, 15360 MiB, 458 MiB, 14451 MiB
2023/01/02 17:07:22.967, 77 %, 58 %, 15360 MiB, 458 MiB, 14451 MiB
2023/01/02 17:07:23.969, 70 %, 55 %, 15360 MiB, 458 MiB, 14451 MiB
2023/01/02 17:07:24.971, 73 %, 57 %, 15360 MiB, 458 MiB, 14451 MiB
2023/01/02 17:07:25.972, 80 %, 63 %, 15360 MiB, 458 MiB, 14451 MiB
2023/01/02 17:07:26.973, 79 %, 67 %, 15360 MiB, 458 MiB, 14451 MiB
2023/01/02 17:07:27.975, 73 %, 54 %, 15360 MiB, 458 MiB, 14451 MiB
2023/01/02 17:07:28.976, 72 %, 54 %, 15360 MiB, 458 MiB, 14451 MiB
2023/01/02 17:07:29.978, 66 %, 52 %, 15360 MiB, 458 MiB, 14451 MiB
2023/01/02 17:07:30.979, 72 %, 57 %, 15360 MiB, 458 MiB, 14451 MiB
2023/01/02 17:07:31.981, 67 %, 51 %, 15360 MiB, 458 MiB, 14451 MiB
2023/01/02 17:07:32.983, 73 %, 57 %, 15360 MiB, 458 MiB, 14451 MiB
2023/01/02 17:07:33.984, 75 %, 60 %, 15360 MiB, 458 MiB, 14451 MiB
2023/01/02 17:07:34.985, 76 %, 59 %, 15360 MiB, 458 MiB, 14451 MiB
2023/01/02 17:07:35.986, 76 %, 60 %, 15360 MiB, 458 MiB, 14451 MiB
2023/01/02 17:07:36.988, 74 %, 57 %, 15360 MiB, 458 MiB, 14451 MiB
2023/01/02 17:07:37.989, 69 %, 53 %, 15360 MiB, 458 MiB, 14451 MiB
2023/01/02 17:07:38.990, 70 %, 54 %, 15360 MiB, 458 MiB, 14451 MiB
2023/01/02 17:07:39.992, 79 %, 61 %, 15360 MiB, 458 MiB, 14451 MiB
2023/01/02 17:07:40.993, 66 %, 53 %, 15360 MiB, 458 MiB, 14451 MiB
2023/01/02 17:07:41.995, 70 %, 53 %, 15360 MiB, 458 MiB, 14451 MiB
2023/01/02 17:07:42.997, 67 %, 50 %, 15360 MiB, 458 MiB, 14451 MiB
2023/01/02 17:07:43.998, 71 %, 55 %, 15360 MiB, 458 MiB, 14451 MiB
2023/01/02 17:07:45.000, 58 %, 44 %, 15360 MiB, 458 MiB, 14451 MiB
2023/01/02 17:07:46.001, 68 %, 50 %, 15360 MiB, 458 MiB, 14451 MiB
2023/01/02 17:07:47.002, 75 %, 58 %, 15360 MiB, 458 MiB, 14451 MiB
2023/01/02 17:07:48.004, 70 %, 52 %, 15360 MiB, 458 MiB, 14451 MiB
2023/01/02 17:07:49.006, 65 %, 51 %, 15360 MiB, 458 MiB, 14451 MiB
2023/01/02 17:07:50.008, 66 %, 50 %, 15360 MiB, 458 MiB, 14451 MiB
2023/01/02 17:07:51.009, 69 %, 52 %, 15360 MiB, 458 MiB, 14451 MiB
2023/01/02 17:07:52.010, 73 %, 57 %, 15360 MiB, 458 MiB, 14451 MiB
2023/01/02 17:07:53.012, 58 %, 46 %, 15360 MiB, 458 MiB, 14451 MiB
2023/01/02 17:07:54.014, 74 %, 57 %, 15360 MiB, 458 MiB, 14451 MiB
2023/01/02 17:07:55.016, 72 %, 54 %, 15360 MiB, 458 MiB, 14451 MiB
2023/01/02 17:07:56.018, 78 %, 60 %, 15360 MiB, 458 MiB, 14451 MiB
2023/01/02 17:07:57.020, 69 %, 54 %, 15360 MiB, 458 MiB, 14451 MiB
2023/01/02 17:07:58.021, 76 %, 59 %, 15360 MiB, 458 MiB, 14451 MiB
2023/01/02 17:07:59.023, 75 %, 60 %, 15360 MiB, 458 MiB, 14451 MiB
2023/01/02 17:08:00.024, 75 %, 58 %, 15360 MiB, 458 MiB, 14451 MiB
2023/01/02 17:08:01.026, 71 %, 55 %, 15360 MiB, 458 MiB, 14451 MiB
2023/01/02 17:08:02.031, 57 %, 45 %, 15360 MiB, 458 MiB, 14451 MiB
2023/01/02 17:08:03.032, 51 %, 39 %, 15360 MiB, 458 MiB, 14451 MiB
2023/01/02 17:08:04.035, 62 %, 51 %, 15360 MiB, 458 MiB, 14451 MiB
2023/01/02 17:08:05.036, 68 %, 54 %, 15360 MiB, 458 MiB, 14451 MiB
2023/01/02 17:08:06.037, 77 %, 58 %, 15360 MiB, 458 MiB, 14451 MiB
2023/01/02 17:08:07.039, 72 %, 56 %, 15360 MiB, 458 MiB, 14451 MiB
2023/01/02 17:08:08.042, 79 %, 62 %, 15360 MiB, 458 MiB, 14451 MiB
2023/01/02 17:08:09.045, 73 %, 58 %, 15360 MiB, 458 MiB, 14451 MiB
2023/01/02 17:08:10.046, 77 %, 60 %, 15360 MiB, 458 MiB, 14451 MiB
2023/01/02 17:08:11.048, 65 %, 50 %, 15360 MiB, 458 MiB, 14451 MiB
2023/01/02 17:08:12.049, 70 %, 54 %, 15360 MiB, 458 MiB, 14451 MiB
2023/01/02 17:08:13.051, 69 %, 55 %, 15360 MiB, 458 MiB, 14451 MiB
2023/01/02 17:08:14.053, 72 %, 56 %, 15360 MiB, 458 MiB, 14451 MiB
2023/01/02 17:08:15.054, 73 %, 56 %, 15360 MiB, 458 MiB, 14451 MiB
2023/01/02 17:08:16.055, 70 %, 54 %, 15360 MiB, 458 MiB, 14451 MiB
2023/01/02 17:08:17.057, 66 %, 51 %, 15360 MiB, 458 MiB, 14451 MiB
2023/01/02 17:08:18.058, 68 %, 54 %, 15360 MiB, 458 MiB, 14451 MiB
2023/01/02 17:08:19.059, 71 %, 56 %, 15360 MiB, 458 MiB, 14451 MiB
2023/01/02 17:08:20.061, 70 %, 55 %, 15360 MiB, 458 MiB, 14451 MiB
2023/01/02 17:08:21.063, 59 %, 45 %, 15360 MiB, 458 MiB, 14451 MiB
2023/01/02 17:08:22.065, 78 %, 60 %, 15360 MiB, 458 MiB, 14451 MiB
2023/01/02 17:08:23.067, 74 %, 59 %, 15360 MiB, 458 MiB, 14451 MiB
2023/01/02 17:08:24.068, 67 %, 52 %, 15360 MiB, 458 MiB, 14451 MiB
2023/01/02 17:08:25.069, 34 %, 29 %, 15360 MiB, 458 MiB, 14451 MiB
2023/01/02 17:08:26.070, 78 %, 59 %, 15360 MiB, 458 MiB, 14451 MiB
2023/01/02 17:08:27.073, 67 %, 52 %, 15360 MiB, 458 MiB, 14451 MiB
2023/01/02 17:08:28.074, 76 %, 58 %, 15360 MiB, 458 MiB, 14451 MiB
2023/01/02 17:08:29.075, 71 %, 54 %, 15360 MiB, 458 MiB, 14451 MiB
2023/01/02 17:08:30.077, 70 %, 52 %, 15360 MiB, 458 MiB, 14451 MiB
2023/01/02 17:08:31.079, 56 %, 44 %, 15360 MiB, 458 MiB, 14451 MiB
2023/01/02 17:08:32.080, 89 %, 70 %, 15360 MiB, 458 MiB, 14451 MiB
2023/01/02 17:08:33.081, 56 %, 45 %, 15360 MiB, 458 MiB, 14451 MiB
2023/01/02 17:08:34.083, 67 %, 52 %, 15360 MiB, 458 MiB, 14451 MiB
2023/01/02 17:08:35.084, 76 %, 58 %, 15360 MiB, 458 MiB, 14451 MiB
2023/01/02 17:08:36.085, 53 %, 41 %, 15360 MiB, 458 MiB, 14451 MiB
2023/01/02 17:08:37.088, 71 %, 55 %, 15360 MiB, 458 MiB, 14451 MiB
2023/01/02 17:08:38.089, 89 %, 67 %, 15360 MiB, 458 MiB, 14451 MiB
2023/01/02 17:08:39.091, 70 %, 54 %, 15360 MiB, 458 MiB, 14451 MiB
2023/01/02 17:08:40.092, 69 %, 53 %, 15360 MiB, 458 MiB, 14451 MiB
2023/01/02 17:08:41.094, 69 %, 54 %, 15360 MiB, 458 MiB, 14451 MiB
2023/01/02 17:08:42.096, 81 %, 61 %, 15360 MiB, 458 MiB, 14451 MiB
2023/01/02 17:08:43.097, 91 %, 71 %, 15360 MiB, 458 MiB, 14451 MiB
2023/01/02 17:08:44.099, 72 %, 56 %, 15360 MiB, 458 MiB, 14451 MiB
2023/01/02 17:08:45.101, 78 %, 60 %, 15360 MiB, 458 MiB, 14451 MiB
2023/01/02 17:08:46.102, 92 %, 68 %, 15360 MiB, 458 MiB, 14451 MiB
2023/01/02 17:08:47.103, 71 %, 55 %, 15360 MiB, 458 MiB, 14451 MiB
2023/01/02 17:08:48.104, 67 %, 52 %, 15360 MiB, 458 MiB, 14451 MiB
2023/01/02 17:08:49.106, 75 %, 58 %, 15360 MiB, 458 MiB, 14451 MiB
2023/01/02 17:08:50.107, 70 %, 54 %, 15360 MiB, 458 MiB, 14451 MiB
2023/01/02 17:08:51.109, 51 %, 39 %, 15360 MiB, 458 MiB, 14451 MiB
2023/01/02 17:08:52.110, 70 %, 54 %, 15360 MiB, 458 MiB, 14451 MiB
2023/01/02 17:08:53.111, 71 %, 56 %, 15360 MiB, 458 MiB, 14451 MiB
2023/01/02 17:08:54.113, 63 %, 49 %, 15360 MiB, 458 MiB, 14451 MiB
2023/01/02 17:08:55.114, 66 %, 51 %, 15360 MiB, 458 MiB, 14451 MiB
2023/01/02 17:08:56.115, 67 %, 52 %, 15360 MiB, 458 MiB, 14451 MiB
2023/01/02 17:08:57.117, 85 %, 69 %, 15360 MiB, 458 MiB, 14451 MiB
2023/01/02 17:08:58.120, 70 %, 54 %, 15360 MiB, 458 MiB, 14451 MiB
2023/01/02 17:08:59.121, 83 %, 66 %, 15360 MiB, 458 MiB, 14451 MiB
2023/01/02 17:09:00.122, 74 %, 58 %, 15360 MiB, 458 MiB, 14451 MiB
2023/01/02 17:09:01.124, 70 %, 55 %, 15360 MiB, 458 MiB, 14451 MiB
2023/01/02 17:09:02.127, 58 %, 45 %, 15360 MiB, 458 MiB, 14451 MiB
2023/01/02 17:09:03.134, 46 %, 37 %, 15360 MiB, 458 MiB, 14451 MiB
2023/01/02 17:09:04.135, 51 %, 39 %, 15360 MiB, 458 MiB, 14451 MiB
2023/01/02 17:09:05.137, 65 %, 52 %, 15360 MiB, 458 MiB, 14451 MiB
2023/01/02 17:09:06.138, 65 %, 50 %, 15360 MiB, 458 MiB, 14451 MiB
2023/01/02 17:09:07.139, 72 %, 55 %, 15360 MiB, 458 MiB, 14451 MiB
2023/01/02 17:09:08.140, 72 %, 53 %, 15360 MiB, 458 MiB, 14451 MiB
2023/01/02 17:09:09.142, 64 %, 50 %, 15360 MiB, 458 MiB, 14451 MiB
2023/01/02 17:09:10.143, 62 %, 50 %, 15360 MiB, 458 MiB, 14451 MiB
2023/01/02 17:09:11.146, 71 %, 54 %, 15360 MiB, 458 MiB, 14451 MiB
2023/01/02 17:09:12.147, 68 %, 53 %, 15360 MiB, 458 MiB, 14451 MiB
2023/01/02 17:09:13.149, 66 %, 50 %, 15360 MiB, 458 MiB, 14451 MiB
2023/01/02 17:09:14.150, 71 %, 52 %, 15360 MiB, 458 MiB, 14451 MiB
2023/01/02 17:09:15.152, 66 %, 50 %, 15360 MiB, 458 MiB, 14451 MiB
2023/01/02 17:09:16.155, 72 %, 55 %, 15360 MiB, 458 MiB, 14451 MiB
2023/01/02 17:09:17.156, 70 %, 55 %, 15360 MiB, 458 MiB, 14451 MiB
2023/01/02 17:09:18.158, 63 %, 49 %, 15360 MiB, 458 MiB, 14451 MiB
2023/01/02 17:09:19.159, 60 %, 49 %, 15360 MiB, 458 MiB, 14451 MiB
2023/01/02 17:09:20.161, 67 %, 53 %, 15360 MiB, 458 MiB, 14451 MiB
2023/01/02 17:09:21.162, 64 %, 50 %, 15360 MiB, 458 MiB, 14451 MiB
2023/01/02 17:09:22.165, 63 %, 48 %, 15360 MiB, 458 MiB, 14451 MiB
2023/01/02 17:09:23.167, 69 %, 54 %, 15360 MiB, 458 MiB, 14451 MiB
2023/01/02 17:09:24.168, 88 %, 68 %, 15360 MiB, 458 MiB, 14451 MiB
2023/01/02 17:09:25.170, 76 %, 62 %, 15360 MiB, 458 MiB, 14451 MiB
2023/01/02 17:09:26.172, 72 %, 56 %, 15360 MiB, 458 MiB, 14451 MiB
2023/01/02 17:09:27.173, 73 %, 54 %, 15360 MiB, 458 MiB, 14451 MiB
2023/01/02 17:09:28.174, 74 %, 58 %, 15360 MiB, 458 MiB, 14451 MiB
2023/01/02 17:09:29.176, 88 %, 69 %, 15360 MiB, 458 MiB, 14451 MiB
2023/01/02 17:09:30.178, 80 %, 62 %, 15360 MiB, 458 MiB, 14451 MiB
2023/01/02 17:09:31.180, 74 %, 58 %, 15360 MiB, 458 MiB, 14451 MiB
2023/01/02 17:09:32.182, 66 %, 54 %, 15360 MiB, 458 MiB, 14451 MiB
2023/01/02 17:09:33.184, 72 %, 55 %, 15360 MiB, 458 MiB, 14451 MiB
2023/01/02 17:09:34.185, 76 %, 60 %, 15360 MiB, 458 MiB, 14451 MiB
2023/01/02 17:09:35.186, 73 %, 58 %, 15360 MiB, 458 MiB, 14451 MiB
2023/01/02 17:09:36.189, 74 %, 57 %, 15360 MiB, 458 MiB, 14451 MiB
2023/01/02 17:09:37.192, 73 %, 58 %, 15360 MiB, 458 MiB, 14451 MiB
2023/01/02 17:09:38.194, 72 %, 57 %, 15360 MiB, 458 MiB, 14451 MiB
2023/01/02 17:09:39.196, 66 %, 51 %, 15360 MiB, 458 MiB, 14451 MiB
2023/01/02 17:09:40.198, 19 %, 15 %, 15360 MiB, 458 MiB, 14451 MiB
2023/01/02 17:09:41.201, 50 %, 39 %, 15360 MiB, 458 MiB, 14451 MiB
2023/01/02 17:09:42.203, 70 %, 55 %, 15360 MiB, 458 MiB, 14451 MiB
2023/01/02 17:09:43.204, 77 %, 60 %, 15360 MiB, 458 MiB, 14451 MiB
2023/01/02 17:09:44.206, 74 %, 60 %, 15360 MiB, 458 MiB, 14451 MiB
2023/01/02 17:09:45.209, 68 %, 51 %, 15360 MiB, 458 MiB, 14451 MiB
2023/01/02 17:09:46.211, 69 %, 54 %, 15360 MiB, 458 MiB, 14451 MiB
2023/01/02 17:09:47.212, 78 %, 61 %, 15360 MiB, 458 MiB, 14451 MiB
2023/01/02 17:09:48.213, 75 %, 60 %, 15360 MiB, 458 MiB, 14451 MiB
2023/01/02 17:09:49.215, 69 %, 53 %, 15360 MiB, 458 MiB, 14451 MiB
2023/01/02 17:09:50.217, 71 %, 56 %, 15360 MiB, 458 MiB, 14451 MiB
2023/01/02 17:09:51.219, 76 %, 61 %, 15360 MiB, 458 MiB, 14451 MiB
2023/01/02 17:09:52.220, 75 %, 58 %, 15360 MiB, 458 MiB, 14451 MiB
2023/01/02 17:09:53.221, 71 %, 56 %, 15360 MiB, 458 MiB, 14451 MiB
2023/01/02 17:09:54.223, 87 %, 68 %, 15360 MiB, 458 MiB, 14451 MiB
2023/01/02 17:09:55.224, 67 %, 51 %, 15360 MiB, 458 MiB, 14451 MiB
2023/01/02 17:09:56.226, 67 %, 51 %, 15360 MiB, 458 MiB, 14451 MiB
2023/01/02 17:09:57.227, 76 %, 59 %, 15360 MiB, 458 MiB, 14451 MiB
2023/01/02 17:09:58.229, 66 %, 51 %, 15360 MiB, 458 MiB, 14451 MiB
2023/01/02 17:09:59.231, 71 %, 56 %, 15360 MiB, 458 MiB, 14451 MiB
2023/01/02 17:10:00.232, 74 %, 56 %, 15360 MiB, 458 MiB, 14451 MiB
2023/01/02 17:10:01.234, 71 %, 55 %, 15360 MiB, 458 MiB, 14451 MiB
2023/01/02 17:10:02.235, 43 %, 33 %, 15360 MiB, 458 MiB, 14451 MiB
2023/01/02 17:10:03.243, 44 %, 36 %, 15360 MiB, 458 MiB, 14451 MiB
2023/01/02 17:10:04.244, 50 %, 37 %, 15360 MiB, 458 MiB, 14451 MiB
2023/01/02 17:10:05.246, 75 %, 58 %, 15360 MiB, 458 MiB, 14451 MiB
2023/01/02 17:10:06.247, 63 %, 49 %, 15360 MiB, 458 MiB, 14451 MiB
2023/01/02 17:10:07.249, 87 %, 66 %, 15360 MiB, 458 MiB, 14451 MiB
2023/01/02 17:10:08.251, 56 %, 43 %, 15360 MiB, 458 MiB, 14451 MiB
2023/01/02 17:10:09.253, 76 %, 59 %, 15360 MiB, 458 MiB, 14451 MiB
2023/01/02 17:10:10.254, 68 %, 52 %, 15360 MiB, 458 MiB, 14451 MiB
2023/01/02 17:10:11.255, 59 %, 47 %, 15360 MiB, 458 MiB, 14451 MiB
2023/01/02 17:10:12.256, 76 %, 57 %, 15360 MiB, 458 MiB, 14451 MiB
2023/01/02 17:10:13.258, 67 %, 51 %, 15360 MiB, 458 MiB, 14451 MiB
2023/01/02 17:10:14.259, 67 %, 53 %, 15360 MiB, 458 MiB, 14451 MiB
2023/01/02 17:10:15.261, 72 %, 57 %, 15360 MiB, 458 MiB, 14451 MiB
2023/01/02 17:10:16.263, 68 %, 54 %, 15360 MiB, 458 MiB, 14451 MiB
2023/01/02 17:10:17.264, 68 %, 52 %, 15360 MiB, 458 MiB, 14451 MiB
2023/01/02 17:10:18.266, 65 %, 51 %, 15360 MiB, 458 MiB, 14451 MiB
2023/01/02 17:10:19.268, 78 %, 60 %, 15360 MiB, 458 MiB, 14451 MiB
2023/01/02 17:10:20.269, 66 %, 51 %, 15360 MiB, 458 MiB, 14451 MiB
2023/01/02 17:10:21.271, 79 %, 61 %, 15360 MiB, 458 MiB, 14451 MiB
2023/01/02 17:10:22.273, 61 %, 47 %, 15360 MiB, 458 MiB, 14451 MiB
2023/01/02 17:10:23.274, 72 %, 57 %, 15360 MiB, 458 MiB, 14451 MiB
2023/01/02 17:10:24.276, 65 %, 50 %, 15360 MiB, 458 MiB, 14451 MiB
2023/01/02 17:10:25.277, 66 %, 51 %, 15360 MiB, 458 MiB, 14451 MiB
2023/01/02 17:10:26.278, 67 %, 51 %, 15360 MiB, 458 MiB, 14451 MiB
2023/01/02 17:10:27.281, 76 %, 60 %, 15360 MiB, 458 MiB, 14451 MiB
2023/01/02 17:10:28.282, 77 %, 59 %, 15360 MiB, 458 MiB, 14451 MiB
2023/01/02 17:10:29.284, 78 %, 62 %, 15360 MiB, 458 MiB, 14451 MiB
2023/01/02 17:10:30.285, 77 %, 61 %, 15360 MiB, 458 MiB, 14451 MiB
2023/01/02 17:10:31.286, 67 %, 51 %, 15360 MiB, 458 MiB, 14451 MiB
2023/01/02 17:10:32.289, 67 %, 52 %, 15360 MiB, 458 MiB, 14451 MiB
2023/01/02 17:10:33.291, 63 %, 51 %, 15360 MiB, 458 MiB, 14451 MiB
2023/01/02 17:10:34.293, 90 %, 68 %, 15360 MiB, 458 MiB, 14451 MiB
2023/01/02 17:10:35.294, 80 %, 62 %, 15360 MiB, 458 MiB, 14451 MiB
2023/01/02 17:10:36.296, 65 %, 51 %, 15360 MiB, 458 MiB, 14451 MiB
2023/01/02 17:10:37.298, 70 %, 54 %, 15360 MiB, 458 MiB, 14451 MiB
2023/01/02 17:10:38.299, 71 %, 56 %, 15360 MiB, 458 MiB, 14451 MiB
2023/01/02 17:10:39.301, 44 %, 36 %, 15360 MiB, 458 MiB, 14451 MiB
2023/01/02 17:10:40.302, 93 %, 70 %, 15360 MiB, 458 MiB, 14451 MiB
2023/01/02 17:10:41.304, 79 %, 64 %, 15360 MiB, 458 MiB, 14451 MiB
2023/01/02 17:10:42.306, 79 %, 62 %, 15360 MiB, 458 MiB, 14451 MiB
2023/01/02 17:10:43.308, 67 %, 53 %, 15360 MiB, 458 MiB, 14451 MiB
2023/01/02 17:10:44.309, 75 %, 59 %, 15360 MiB, 458 MiB, 14451 MiB
2023/01/02 17:10:45.310, 70 %, 53 %, 15360 MiB, 458 MiB, 14451 MiB
2023/01/02 17:10:46.311, 70 %, 55 %, 15360 MiB, 458 MiB, 14451 MiB
2023/01/02 17:10:47.313, 70 %, 55 %, 15360 MiB, 458 MiB, 14451 MiB
2023/01/02 17:10:48.314, 70 %, 53 %, 15360 MiB, 458 MiB, 14451 MiB
2023/01/02 17:10:49.315, 76 %, 59 %, 15360 MiB, 458 MiB, 14451 MiB
2023/01/02 17:10:50.318, 78 %, 61 %, 15360 MiB, 458 MiB, 14451 MiB
2023/01/02 17:10:51.319, 46 %, 39 %, 15360 MiB, 458 MiB, 14451 MiB
2023/01/02 17:10:52.321, 77 %, 58 %, 15360 MiB, 458 MiB, 14451 MiB
2023/01/02 17:10:53.323, 68 %, 51 %, 15360 MiB, 458 MiB, 14451 MiB
2023/01/02 17:10:54.325, 66 %, 52 %, 15360 MiB, 458 MiB, 14451 MiB
2023/01/02 17:10:55.326, 78 %, 60 %, 15360 MiB, 458 MiB, 14451 MiB
2023/01/02 17:10:56.327, 70 %, 53 %, 15360 MiB, 458 MiB, 14451 MiB
2023/01/02 17:10:57.330, 68 %, 53 %, 15360 MiB, 458 MiB, 14451 MiB
2023/01/02 17:10:58.331, 72 %, 57 %, 15360 MiB, 458 MiB, 14451 MiB
2023/01/02 17:10:59.332, 73 %, 55 %, 15360 MiB, 458 MiB, 14451 MiB
2023/01/02 17:11:00.333, 66 %, 51 %, 15360 MiB, 458 MiB, 14451 MiB
2023/01/02 17:11:01.335, 71 %, 56 %, 15360 MiB, 458 MiB, 14451 MiB
2023/01/02 17:11:02.336, 51 %, 38 %, 15360 MiB, 458 MiB, 14451 MiB
2023/01/02 17:11:03.338, 53 %, 41 %, 15360 MiB, 458 MiB, 14451 MiB
2023/01/02 17:11:04.340, 55 %, 43 %, 15360 MiB, 458 MiB, 14451 MiB
2023/01/02 17:11:05.341, 54 %, 42 %, 15360 MiB, 458 MiB, 14451 MiB
2023/01/02 17:11:06.342, 58 %, 45 %, 15360 MiB, 458 MiB, 14451 MiB
2023/01/02 17:11:07.343, 73 %, 57 %, 15360 MiB, 458 MiB, 14451 MiB
2023/01/02 17:11:08.345, 70 %, 54 %, 15360 MiB, 458 MiB, 14451 MiB
2023/01/02 17:11:09.347, 66 %, 52 %, 15360 MiB, 458 MiB, 14451 MiB
2023/01/02 17:11:10.349, 65 %, 51 %, 15360 MiB, 458 MiB, 14451 MiB
2023/01/02 17:11:11.351, 76 %, 59 %, 15360 MiB, 458 MiB, 14451 MiB
2023/01/02 17:11:12.352, 58 %, 48 %, 15360 MiB, 458 MiB, 14451 MiB
2023/01/02 17:11:13.353, 72 %, 55 %, 15360 MiB, 458 MiB, 14451 MiB
2023/01/02 17:11:14.355, 69 %, 55 %, 15360 MiB, 458 MiB, 14451 MiB
2023/01/02 17:11:15.357, 67 %, 51 %, 15360 MiB, 458 MiB, 14451 MiB
2023/01/02 17:11:16.358, 88 %, 67 %, 15360 MiB, 458 MiB, 14451 MiB
2023/01/02 17:11:17.359, 74 %, 61 %, 15360 MiB, 458 MiB, 14451 MiB
2023/01/02 17:11:18.360, 69 %, 53 %, 15360 MiB, 458 MiB, 14451 MiB
2023/01/02 17:11:19.363, 80 %, 63 %, 15360 MiB, 458 MiB, 14451 MiB
2023/01/02 17:11:20.364, 71 %, 51 %, 15360 MiB, 458 MiB, 14451 MiB
2023/01/02 17:11:21.366, 68 %, 50 %, 15360 MiB, 458 MiB, 14451 MiB
2023/01/02 17:11:22.367, 66 %, 52 %, 15360 MiB, 458 MiB, 14451 MiB
2023/01/02 17:11:23.369, 65 %, 51 %, 15360 MiB, 458 MiB, 14451 MiB
2023/01/02 17:11:24.370, 61 %, 50 %, 15360 MiB, 458 MiB, 14451 MiB
2023/01/02 17:11:25.372, 74 %, 56 %, 15360 MiB, 458 MiB, 14451 MiB
2023/01/02 17:11:26.374, 66 %, 50 %, 15360 MiB, 458 MiB, 14451 MiB
2023/01/02 17:11:27.376, 73 %, 58 %, 15360 MiB, 458 MiB, 14451 MiB
2023/01/02 17:11:28.377, 64 %, 50 %, 15360 MiB, 458 MiB, 14451 MiB
2023/01/02 17:11:29.378, 77 %, 60 %, 15360 MiB, 458 MiB, 14451 MiB
2023/01/02 17:11:30.380, 75 %, 58 %, 15360 MiB, 458 MiB, 14451 MiB
2023/01/02 17:11:31.381, 70 %, 53 %, 15360 MiB, 458 MiB, 14451 MiB
2023/01/02 17:11:32.383, 69 %, 53 %, 15360 MiB, 458 MiB, 14451 MiB
2023/01/02 17:11:33.384, 71 %, 57 %, 15360 MiB, 458 MiB, 14451 MiB
2023/01/02 17:11:34.386, 74 %, 58 %, 15360 MiB, 458 MiB, 14451 MiB
2023/01/02 17:11:35.388, 74 %, 55 %, 15360 MiB, 458 MiB, 14451 MiB
2023/01/02 17:11:36.389, 68 %, 52 %, 15360 MiB, 458 MiB, 14451 MiB
2023/01/02 17:11:37.391, 82 %, 65 %, 15360 MiB, 458 MiB, 14451 MiB
2023/01/02 17:11:38.392, 66 %, 52 %, 15360 MiB, 458 MiB, 14451 MiB
2023/01/02 17:11:39.394, 66 %, 53 %, 15360 MiB, 458 MiB, 14451 MiB
2023/01/02 17:11:40.395, 71 %, 54 %, 15360 MiB, 458 MiB, 14451 MiB
2023/01/02 17:11:41.396, 68 %, 52 %, 15360 MiB, 458 MiB, 14451 MiB
2023/01/02 17:11:42.397, 70 %, 55 %, 15360 MiB, 458 MiB, 14451 MiB
2023/01/02 17:11:43.399, 70 %, 54 %, 15360 MiB, 458 MiB, 14451 MiB
2023/01/02 17:11:44.401, 66 %, 50 %, 15360 MiB, 458 MiB, 14451 MiB
2023/01/02 17:11:45.405, 68 %, 52 %, 15360 MiB, 458 MiB, 14451 MiB
2023/01/02 17:11:46.407, 57 %, 46 %, 15360 MiB, 458 MiB, 14451 MiB
2023/01/02 17:11:47.409, 72 %, 54 %, 15360 MiB, 458 MiB, 14451 MiB
2023/01/02 17:11:48.411, 73 %, 59 %, 15360 MiB, 458 MiB, 14451 MiB
2023/01/02 17:11:49.413, 71 %, 54 %, 15360 MiB, 458 MiB, 14451 MiB
2023/01/02 17:11:50.414, 75 %, 60 %, 15360 MiB, 458 MiB, 14451 MiB
2023/01/02 17:11:51.415, 75 %, 60 %, 15360 MiB, 458 MiB, 14451 MiB
2023/01/02 17:11:52.416, 85 %, 66 %, 15360 MiB, 458 MiB, 14451 MiB
2023/01/02 17:11:53.418, 67 %, 53 %, 15360 MiB, 458 MiB, 14451 MiB
2023/01/02 17:11:54.419, 71 %, 54 %, 15360 MiB, 458 MiB, 14451 MiB
2023/01/02 17:11:55.421, 81 %, 63 %, 15360 MiB, 458 MiB, 14451 MiB
2023/01/02 17:11:56.423, 78 %, 63 %, 15360 MiB, 458 MiB, 14451 MiB
2023/01/02 17:11:57.424, 74 %, 59 %, 15360 MiB, 458 MiB, 14451 MiB
2023/01/02 17:11:58.425, 65 %, 51 %, 15360 MiB, 458 MiB, 14451 MiB
2023/01/02 17:11:59.426, 71 %, 52 %, 15360 MiB, 458 MiB, 14451 MiB
2023/01/02 17:12:00.428, 80 %, 61 %, 15360 MiB, 458 MiB, 14451 MiB
2023/01/02 17:12:01.430, 67 %, 53 %, 15360 MiB, 458 MiB, 14451 MiB
2023/01/02 17:12:02.431, 51 %, 40 %, 15360 MiB, 458 MiB, 14451 MiB
2023/01/02 17:12:03.433, 54 %, 42 %, 15360 MiB, 458 MiB, 14451 MiB
2023/01/02 17:12:04.434, 54 %, 44 %, 15360 MiB, 458 MiB, 14451 MiB
2023/01/02 17:12:05.436, 65 %, 51 %, 15360 MiB, 458 MiB, 14451 MiB
2023/01/02 17:12:06.438, 80 %, 60 %, 15360 MiB, 458 MiB, 14451 MiB
2023/01/02 17:12:07.439, 63 %, 50 %, 15360 MiB, 458 MiB, 14451 MiB
2023/01/02 17:12:08.441, 43 %, 37 %, 15360 MiB, 458 MiB, 14451 MiB
2023/01/02 17:12:09.443, 78 %, 60 %, 15360 MiB, 458 MiB, 14451 MiB
2023/01/02 17:12:10.445, 63 %, 49 %, 15360 MiB, 458 MiB, 14451 MiB
2023/01/02 17:12:11.446, 68 %, 51 %, 15360 MiB, 458 MiB, 14451 MiB
2023/01/02 17:12:12.448, 75 %, 58 %, 15360 MiB, 458 MiB, 14451 MiB
2023/01/02 17:12:13.449, 78 %, 62 %, 15360 MiB, 458 MiB, 14451 MiB
2023/01/02 17:12:14.451, 62 %, 49 %, 15360 MiB, 458 MiB, 14451 MiB
2023/01/02 17:12:15.452, 82 %, 65 %, 15360 MiB, 458 MiB, 14451 MiB
2023/01/02 17:12:16.454, 78 %, 59 %, 15360 MiB, 458 MiB, 14451 MiB
2023/01/02 17:12:17.457, 74 %, 57 %, 15360 MiB, 458 MiB, 14451 MiB
2023/01/02 17:12:18.458, 47 %, 38 %, 15360 MiB, 458 MiB, 14451 MiB
2023/01/02 17:12:19.460, 67 %, 52 %, 15360 MiB, 458 MiB, 14451 MiB
2023/01/02 17:12:20.462, 44 %, 39 %, 15360 MiB, 458 MiB, 14451 MiB
2023/01/02 17:12:21.464, 74 %, 56 %, 15360 MiB, 458 MiB, 14451 MiB
2023/01/02 17:12:22.465, 68 %, 53 %, 15360 MiB, 458 MiB, 14451 MiB
2023/01/02 17:12:23.467, 68 %, 54 %, 15360 MiB, 458 MiB, 14451 MiB
2023/01/02 17:12:24.469, 67 %, 52 %, 15360 MiB, 458 MiB, 14451 MiB
2023/01/02 17:12:25.470, 57 %, 46 %, 15360 MiB, 458 MiB, 14451 MiB
2023/01/02 17:12:26.471, 81 %, 64 %, 15360 MiB, 458 MiB, 14451 MiB
2023/01/02 17:12:27.472, 73 %, 58 %, 15360 MiB, 458 MiB, 14451 MiB
2023/01/02 17:12:28.473, 74 %, 60 %, 15360 MiB, 458 MiB, 14451 MiB
2023/01/02 17:12:29.475, 62 %, 49 %, 15360 MiB, 458 MiB, 14451 MiB
2023/01/02 17:12:30.476, 59 %, 49 %, 15360 MiB, 458 MiB, 14451 MiB
2023/01/02 17:12:31.478, 70 %, 54 %, 15360 MiB, 458 MiB, 14451 MiB
2023/01/02 17:12:32.479, 71 %, 56 %, 15360 MiB, 458 MiB, 14451 MiB
2023/01/02 17:12:33.481, 80 %, 60 %, 15360 MiB, 458 MiB, 14451 MiB
2023/01/02 17:12:34.483, 72 %, 58 %, 15360 MiB, 458 MiB, 14451 MiB
2023/01/02 17:12:35.484, 60 %, 47 %, 15360 MiB, 458 MiB, 14451 MiB
2023/01/02 17:12:36.485, 66 %, 51 %, 15360 MiB, 458 MiB, 14451 MiB
2023/01/02 17:12:37.487, 70 %, 54 %, 15360 MiB, 458 MiB, 14451 MiB
2023/01/02 17:12:38.489, 71 %, 55 %, 15360 MiB, 458 MiB, 14451 MiB
2023/01/02 17:12:39.491, 72 %, 56 %, 15360 MiB, 458 MiB, 14451 MiB
2023/01/02 17:12:40.492, 91 %, 71 %, 15360 MiB, 458 MiB, 14451 MiB
2023/01/02 17:12:41.494, 66 %, 52 %, 15360 MiB, 458 MiB, 14451 MiB
2023/01/02 17:12:42.495, 82 %, 63 %, 15360 MiB, 458 MiB, 14451 MiB
2023/01/02 17:12:43.497, 73 %, 56 %, 15360 MiB, 458 MiB, 14451 MiB
2023/01/02 17:12:44.499, 54 %, 42 %, 15360 MiB, 458 MiB, 14451 MiB
2023/01/02 17:12:45.500, 73 %, 58 %, 15360 MiB, 458 MiB, 14451 MiB
2023/01/02 17:12:46.503, 78 %, 61 %, 15360 MiB, 458 MiB, 14451 MiB
2023/01/02 17:12:47.505, 69 %, 52 %, 15360 MiB, 458 MiB, 14451 MiB
2023/01/02 17:12:48.506, 60 %, 49 %, 15360 MiB, 458 MiB, 14451 MiB
2023/01/02 17:12:49.507, 79 %, 62 %, 15360 MiB, 458 MiB, 14451 MiB
2023/01/02 17:12:50.508, 50 %, 38 %, 15360 MiB, 458 MiB, 14451 MiB
2023/01/02 17:12:51.510, 68 %, 54 %, 15360 MiB, 458 MiB, 14451 MiB
2023/01/02 17:12:52.511, 74 %, 57 %, 15360 MiB, 458 MiB, 14451 MiB
2023/01/02 17:12:53.513, 71 %, 56 %, 15360 MiB, 458 MiB, 14451 MiB
2023/01/02 17:12:54.514, 62 %, 49 %, 15360 MiB, 458 MiB, 14451 MiB
2023/01/02 17:12:55.515, 67 %, 52 %, 15360 MiB, 458 MiB, 14451 MiB
2023/01/02 17:12:56.518, 47 %, 37 %, 15360 MiB, 458 MiB, 14451 MiB
2023/01/02 17:12:57.519, 69 %, 52 %, 15360 MiB, 458 MiB, 14451 MiB
2023/01/02 17:12:58.520, 76 %, 58 %, 15360 MiB, 458 MiB, 14451 MiB
2023/01/02 17:12:59.522, 66 %, 50 %, 15360 MiB, 458 MiB, 14451 MiB
2023/01/02 17:13:00.523, 69 %, 51 %, 15360 MiB, 458 MiB, 14451 MiB
2023/01/02 17:13:01.524, 56 %, 44 %, 15360 MiB, 458 MiB, 14451 MiB
2023/01/02 17:13:02.526, 55 %, 43 %, 15360 MiB, 458 MiB, 14451 MiB
2023/01/02 17:13:03.527, 58 %, 46 %, 15360 MiB, 458 MiB, 14451 MiB
2023/01/02 17:13:04.529, 51 %, 39 %, 15360 MiB, 458 MiB, 14451 MiB
2023/01/02 17:13:05.531, 69 %, 51 %, 15360 MiB, 458 MiB, 14451 MiB
2023/01/02 17:13:06.532, 76 %, 58 %, 15360 MiB, 458 MiB, 14451 MiB
2023/01/02 17:13:07.534, 72 %, 56 %, 15360 MiB, 458 MiB, 14451 MiB
2023/01/02 17:13:08.536, 68 %, 54 %, 15360 MiB, 458 MiB, 14451 MiB
2023/01/02 17:13:09.537, 62 %, 49 %, 15360 MiB, 458 MiB, 14451 MiB
2023/01/02 17:13:10.539, 75 %, 59 %, 15360 MiB, 458 MiB, 14451 MiB
2023/01/02 17:13:11.540, 79 %, 62 %, 15360 MiB, 458 MiB, 14451 MiB
2023/01/02 17:13:12.542, 63 %, 50 %, 15360 MiB, 458 MiB, 14451 MiB
2023/01/02 17:13:13.544, 74 %, 55 %, 15360 MiB, 458 MiB, 14451 MiB
2023/01/02 17:13:14.545, 69 %, 52 %, 15360 MiB, 458 MiB, 14451 MiB
2023/01/02 17:13:15.546, 70 %, 54 %, 15360 MiB, 458 MiB, 14451 MiB
2023/01/02 17:13:16.548, 72 %, 54 %, 15360 MiB, 458 MiB, 14451 MiB
2023/01/02 17:13:17.549, 67 %, 53 %, 15360 MiB, 458 MiB, 14451 MiB
2023/01/02 17:13:18.550, 65 %, 50 %, 15360 MiB, 458 MiB, 14451 MiB
2023/01/02 17:13:19.552, 75 %, 57 %, 15360 MiB, 458 MiB, 14451 MiB
2023/01/02 17:13:20.554, 78 %, 60 %, 15360 MiB, 458 MiB, 14451 MiB
2023/01/02 17:13:21.555, 84 %, 67 %, 15360 MiB, 458 MiB, 14451 MiB
2023/01/02 17:13:22.557, 72 %, 56 %, 15360 MiB, 458 MiB, 14451 MiB
2023/01/02 17:13:23.560, 75 %, 56 %, 15360 MiB, 458 MiB, 14451 MiB
2023/01/02 17:13:24.562, 76 %, 60 %, 15360 MiB, 458 MiB, 14451 MiB
2023/01/02 17:13:25.563, 89 %, 71 %, 15360 MiB, 458 MiB, 14451 MiB
2023/01/02 17:13:26.565, 60 %, 48 %, 15360 MiB, 458 MiB, 14451 MiB
2023/01/02 17:13:27.566, 71 %, 55 %, 15360 MiB, 458 MiB, 14451 MiB
2023/01/02 17:13:28.567, 72 %, 56 %, 15360 MiB, 458 MiB, 14451 MiB
2023/01/02 17:13:29.569, 63 %, 48 %, 15360 MiB, 458 MiB, 14451 MiB
2023/01/02 17:13:30.570, 72 %, 54 %, 15360 MiB, 458 MiB, 14451 MiB
2023/01/02 17:13:31.571, 69 %, 55 %, 15360 MiB, 458 MiB, 14451 MiB
2023/01/02 17:13:32.573, 83 %, 62 %, 15360 MiB, 458 MiB, 14451 MiB
2023/01/02 17:13:33.575, 74 %, 60 %, 15360 MiB, 458 MiB, 14451 MiB
2023/01/02 17:13:34.576, 70 %, 54 %, 15360 MiB, 458 MiB, 14451 MiB
2023/01/02 17:13:35.578, 64 %, 50 %, 15360 MiB, 458 MiB, 14451 MiB
2023/01/02 17:13:36.579, 73 %, 58 %, 15360 MiB, 458 MiB, 14451 MiB
2023/01/02 17:13:37.580, 67 %, 52 %, 15360 MiB, 458 MiB, 14451 MiB
2023/01/02 17:13:38.583, 60 %, 46 %, 15360 MiB, 458 MiB, 14451 MiB
2023/01/02 17:13:39.585, 76 %, 59 %, 15360 MiB, 458 MiB, 14451 MiB
2023/01/02 17:13:40.586, 76 %, 58 %, 15360 MiB, 458 MiB, 14451 MiB
2023/01/02 17:13:41.587, 68 %, 50 %, 15360 MiB, 458 MiB, 14451 MiB
2023/01/02 17:13:42.588, 76 %, 58 %, 15360 MiB, 458 MiB, 14451 MiB
2023/01/02 17:13:43.591, 89 %, 72 %, 15360 MiB, 458 MiB, 14451 MiB
2023/01/02 17:13:44.593, 75 %, 58 %, 15360 MiB, 458 MiB, 14451 MiB
2023/01/02 17:13:45.594, 69 %, 54 %, 15360 MiB, 458 MiB, 14451 MiB
2023/01/02 17:13:46.595, 76 %, 58 %, 15360 MiB, 458 MiB, 14451 MiB
2023/01/02 17:13:47.597, 67 %, 50 %, 15360 MiB, 458 MiB, 14451 MiB
2023/01/02 17:13:48.598, 62 %, 48 %, 15360 MiB, 458 MiB, 14451 MiB
2023/01/02 17:13:49.601, 76 %, 59 %, 15360 MiB, 458 MiB, 14451 MiB
2023/01/02 17:13:50.602, 68 %, 51 %, 15360 MiB, 458 MiB, 14451 MiB
2023/01/02 17:13:51.603, 87 %, 67 %, 15360 MiB, 458 MiB, 14451 MiB
2023/01/02 17:13:52.605, 92 %, 71 %, 15360 MiB, 458 MiB, 14451 MiB
2023/01/02 17:13:53.606, 85 %, 68 %, 15360 MiB, 458 MiB, 14451 MiB
2023/01/02 17:13:54.608, 66 %, 51 %, 15360 MiB, 458 MiB, 14451 MiB
2023/01/02 17:13:55.611, 81 %, 64 %, 15360 MiB, 458 MiB, 14451 MiB
2023/01/02 17:13:56.612, 80 %, 64 %, 15360 MiB, 458 MiB, 14451 MiB
2023/01/02 17:13:57.613, 84 %, 66 %, 15360 MiB, 458 MiB, 14451 MiB
2023/01/02 17:13:58.615, 77 %, 62 %, 15360 MiB, 458 MiB, 14451 MiB
2023/01/02 17:13:59.617, 90 %, 70 %, 15360 MiB, 458 MiB, 14451 MiB
2023/01/02 17:14:00.618, 67 %, 52 %, 15360 MiB, 458 MiB, 14451 MiB
2023/01/02 17:14:01.619, 71 %, 56 %, 15360 MiB, 458 MiB, 14451 MiB
2023/01/02 17:14:02.631, 58 %, 45 %, 15360 MiB, 458 MiB, 14451 MiB
2023/01/02 17:14:03.635, 54 %, 42 %, 15360 MiB, 458 MiB, 14451 MiB
2023/01/02 17:14:04.636, 48 %, 38 %, 15360 MiB, 458 MiB, 14451 MiB
2023/01/02 17:14:05.637, 71 %, 55 %, 15360 MiB, 458 MiB, 14451 MiB
2023/01/02 17:14:06.639, 75 %, 61 %, 15360 MiB, 458 MiB, 14451 MiB
2023/01/02 17:14:07.640, 83 %, 63 %, 15360 MiB, 458 MiB, 14451 MiB
2023/01/02 17:14:08.644, 73 %, 58 %, 15360 MiB, 458 MiB, 14451 MiB
2023/01/02 17:14:09.645, 67 %, 52 %, 15360 MiB, 458 MiB, 14451 MiB
2023/01/02 17:14:10.646, 69 %, 54 %, 15360 MiB, 458 MiB, 14451 MiB
2023/01/02 17:14:11.649, 66 %, 51 %, 15360 MiB, 458 MiB, 14451 MiB
2023/01/02 17:14:12.650, 66 %, 53 %, 15360 MiB, 458 MiB, 14451 MiB
2023/01/02 17:14:13.652, 74 %, 58 %, 15360 MiB, 458 MiB, 14451 MiB
2023/01/02 17:14:14.653, 81 %, 63 %, 15360 MiB, 458 MiB, 14451 MiB
2023/01/02 17:14:15.654, 91 %, 71 %, 15360 MiB, 458 MiB, 14451 MiB
2023/01/02 17:14:16.656, 67 %, 53 %, 15360 MiB, 458 MiB, 14451 MiB
2023/01/02 17:14:17.657, 69 %, 53 %, 15360 MiB, 458 MiB, 14451 MiB
2023/01/02 17:14:18.659, 71 %, 55 %, 15360 MiB, 458 MiB, 14451 MiB
2023/01/02 17:14:19.660, 66 %, 51 %, 15360 MiB, 458 MiB, 14451 MiB
2023/01/02 17:14:20.661, 74 %, 58 %, 15360 MiB, 458 MiB, 14451 MiB
2023/01/02 17:14:21.663, 69 %, 54 %, 15360 MiB, 458 MiB, 14451 MiB
2023/01/02 17:14:22.665, 73 %, 56 %, 15360 MiB, 458 MiB, 14451 MiB
2023/01/02 17:14:23.666, 64 %, 49 %, 15360 MiB, 458 MiB, 14451 MiB
2023/01/02 17:14:24.668, 68 %, 51 %, 15360 MiB, 458 MiB, 14451 MiB
2023/01/02 17:14:25.669, 69 %, 54 %, 15360 MiB, 458 MiB, 14451 MiB
2023/01/02 17:14:26.670, 70 %, 55 %, 15360 MiB, 458 MiB, 14451 MiB
2023/01/02 17:14:27.672, 76 %, 60 %, 15360 MiB, 458 MiB, 14451 MiB
2023/01/02 17:14:28.674, 65 %, 51 %, 15360 MiB, 458 MiB, 14451 MiB
2023/01/02 17:14:29.676, 77 %, 59 %, 15360 MiB, 458 MiB, 14451 MiB
2023/01/02 17:14:30.677, 73 %, 58 %, 15360 MiB, 458 MiB, 14451 MiB
2023/01/02 17:14:31.681, 60 %, 48 %, 15360 MiB, 458 MiB, 14451 MiB
2023/01/02 17:14:32.682, 64 %, 51 %, 15360 MiB, 458 MiB, 14451 MiB
2023/01/02 17:14:33.683, 70 %, 52 %, 15360 MiB, 458 MiB, 14451 MiB
2023/01/02 17:14:34.685, 86 %, 69 %, 15360 MiB, 458 MiB, 14451 MiB
2023/01/02 17:14:35.686, 69 %, 52 %, 15360 MiB, 458 MiB, 14451 MiB
2023/01/02 17:14:36.688, 66 %, 51 %, 15360 MiB, 458 MiB, 14451 MiB
2023/01/02 17:14:37.689, 71 %, 54 %, 15360 MiB, 458 MiB, 14451 MiB
2023/01/02 17:14:38.691, 57 %, 43 %, 15360 MiB, 458 MiB, 14451 MiB
2023/01/02 17:14:39.693, 79 %, 61 %, 15360 MiB, 458 MiB, 14451 MiB
2023/01/02 17:14:40.694, 80 %, 63 %, 15360 MiB, 458 MiB, 14451 MiB
2023/01/02 17:14:41.696, 61 %, 48 %, 15360 MiB, 458 MiB, 14451 MiB
2023/01/02 17:14:42.699, 72 %, 54 %, 15360 MiB, 458 MiB, 14451 MiB
2023/01/02 17:14:43.700, 66 %, 51 %, 15360 MiB, 458 MiB, 14451 MiB
2023/01/02 17:14:44.701, 66 %, 51 %, 15360 MiB, 458 MiB, 14451 MiB
2023/01/02 17:14:45.703, 75 %, 56 %, 15360 MiB, 458 MiB, 14451 MiB
2023/01/02 17:14:46.704, 73 %, 57 %, 15360 MiB, 458 MiB, 14451 MiB
2023/01/02 17:14:47.707, 65 %, 51 %, 15360 MiB, 458 MiB, 14451 MiB
2023/01/02 17:14:48.708, 66 %, 51 %, 15360 MiB, 458 MiB, 14451 MiB
2023/01/02 17:14:49.709, 74 %, 57 %, 15360 MiB, 458 MiB, 14451 MiB
2023/01/02 17:14:50.710, 68 %, 54 %, 15360 MiB, 458 MiB, 14451 MiB
2023/01/02 17:14:51.712, 51 %, 39 %, 15360 MiB, 458 MiB, 14451 MiB
2023/01/02 17:14:52.714, 75 %, 57 %, 15360 MiB, 458 MiB, 14451 MiB
2023/01/02 17:14:53.716, 59 %, 45 %, 15360 MiB, 458 MiB, 14451 MiB
2023/01/02 17:14:54.717, 58 %, 49 %, 15360 MiB, 458 MiB, 14451 MiB
2023/01/02 17:14:55.719, 68 %, 52 %, 15360 MiB, 458 MiB, 14451 MiB
2023/01/02 17:14:56.721, 81 %, 64 %, 15360 MiB, 458 MiB, 14451 MiB
2023/01/02 17:14:57.722, 74 %, 58 %, 15360 MiB, 458 MiB, 14451 MiB
2023/01/02 17:14:58.724, 71 %, 55 %, 15360 MiB, 458 MiB, 14451 MiB
2023/01/02 17:14:59.726, 68 %, 53 %, 15360 MiB, 458 MiB, 14451 MiB
2023/01/02 17:15:00.727, 72 %, 53 %, 15360 MiB, 458 MiB, 14451 MiB
2023/01/02 17:15:01.728, 78 %, 61 %, 15360 MiB, 458 MiB, 14451 MiB
2023/01/02 17:15:02.729, 56 %, 44 %, 15360 MiB, 458 MiB, 14451 MiB
2023/01/02 17:15:03.731, 61 %, 48 %, 15360 MiB, 458 MiB, 14451 MiB
2023/01/02 17:15:04.732, 46 %, 36 %, 15360 MiB, 458 MiB, 14451 MiB
2023/01/02 17:15:05.733, 69 %, 51 %, 15360 MiB, 458 MiB, 14451 MiB
2023/01/02 17:15:06.736, 66 %, 51 %, 15360 MiB, 458 MiB, 14451 MiB
2023/01/02 17:15:07.737, 73 %, 56 %, 15360 MiB, 458 MiB, 14451 MiB
2023/01/02 17:15:08.739, 69 %, 55 %, 15360 MiB, 458 MiB, 14451 MiB
2023/01/02 17:15:09.741, 69 %, 52 %, 15360 MiB, 458 MiB, 14451 MiB
2023/01/02 17:15:10.743, 74 %, 57 %, 15360 MiB, 458 MiB, 14451 MiB
2023/01/02 17:15:11.744, 70 %, 56 %, 15360 MiB, 458 MiB, 14451 MiB
2023/01/02 17:15:12.746, 75 %, 59 %, 15360 MiB, 458 MiB, 14451 MiB
2023/01/02 17:15:13.748, 66 %, 50 %, 15360 MiB, 458 MiB, 14451 MiB
2023/01/02 17:15:14.749, 70 %, 53 %, 15360 MiB, 458 MiB, 14451 MiB
2023/01/02 17:15:15.751, 72 %, 57 %, 15360 MiB, 458 MiB, 14451 MiB
2023/01/02 17:15:16.753, 44 %, 35 %, 15360 MiB, 458 MiB, 14451 MiB
2023/01/02 17:15:17.755, 62 %, 49 %, 15360 MiB, 458 MiB, 14451 MiB
2023/01/02 17:15:18.756, 67 %, 52 %, 15360 MiB, 458 MiB, 14451 MiB
2023/01/02 17:15:19.758, 71 %, 56 %, 15360 MiB, 458 MiB, 14451 MiB
2023/01/02 17:15:20.760, 71 %, 57 %, 15360 MiB, 458 MiB, 14451 MiB
2023/01/02 17:15:21.762, 54 %, 43 %, 15360 MiB, 458 MiB, 14451 MiB
2023/01/02 17:15:22.763, 74 %, 59 %, 15360 MiB, 458 MiB, 14451 MiB
2023/01/02 17:15:23.765, 76 %, 61 %, 15360 MiB, 458 MiB, 14451 MiB
2023/01/02 17:15:24.768, 71 %, 57 %, 15360 MiB, 458 MiB, 14451 MiB
2023/01/02 17:15:25.769, 69 %, 54 %, 15360 MiB, 458 MiB, 14451 MiB
2023/01/02 17:15:26.770, 67 %, 52 %, 15360 MiB, 458 MiB, 14451 MiB
2023/01/02 17:15:27.773, 73 %, 56 %, 15360 MiB, 458 MiB, 14451 MiB
2023/01/02 17:15:28.774, 67 %, 52 %, 15360 MiB, 458 MiB, 14451 MiB
2023/01/02 17:15:29.776, 80 %, 64 %, 15360 MiB, 458 MiB, 14451 MiB
2023/01/02 17:15:30.778, 71 %, 57 %, 15360 MiB, 458 MiB, 14451 MiB
2023/01/02 17:15:31.779, 69 %, 53 %, 15360 MiB, 458 MiB, 14451 MiB
2023/01/02 17:15:32.781, 64 %, 49 %, 15360 MiB, 458 MiB, 14451 MiB
2023/01/02 17:15:33.783, 74 %, 56 %, 15360 MiB, 458 MiB, 14451 MiB
2023/01/02 17:15:34.784, 65 %, 51 %, 15360 MiB, 458 MiB, 14451 MiB
2023/01/02 17:15:35.785, 74 %, 55 %, 15360 MiB, 458 MiB, 14451 MiB
2023/01/02 17:15:36.787, 76 %, 59 %, 15360 MiB, 458 MiB, 14451 MiB
2023/01/02 17:15:37.788, 75 %, 60 %, 15360 MiB, 458 MiB, 14451 MiB
2023/01/02 17:15:38.790, 73 %, 59 %, 15360 MiB, 458 MiB, 14451 MiB
2023/01/02 17:15:39.791, 70 %, 55 %, 15360 MiB, 458 MiB, 14451 MiB
2023/01/02 17:15:40.792, 66 %, 50 %, 15360 MiB, 458 MiB, 14451 MiB
2023/01/02 17:15:41.793, 69 %, 52 %, 15360 MiB, 458 MiB, 14451 MiB
2023/01/02 17:15:42.794, 67 %, 54 %, 15360 MiB, 458 MiB, 14451 MiB
2023/01/02 17:15:43.796, 73 %, 56 %, 15360 MiB, 458 MiB, 14451 MiB
2023/01/02 17:15:44.797, 75 %, 58 %, 15360 MiB, 458 MiB, 14451 MiB
2023/01/02 17:15:45.800, 73 %, 57 %, 15360 MiB, 458 MiB, 14451 MiB
2023/01/02 17:15:46.802, 86 %, 69 %, 15360 MiB, 458 MiB, 14451 MiB
2023/01/02 17:15:47.804, 85 %, 67 %, 15360 MiB, 458 MiB, 14451 MiB
2023/01/02 17:15:48.805, 64 %, 49 %, 15360 MiB, 458 MiB, 14451 MiB
2023/01/02 17:15:49.807, 74 %, 58 %, 15360 MiB, 458 MiB, 14451 MiB
2023/01/02 17:15:50.808, 83 %, 66 %, 15360 MiB, 458 MiB, 14451 MiB
2023/01/02 17:15:51.810, 73 %, 57 %, 15360 MiB, 458 MiB, 14451 MiB
2023/01/02 17:15:52.812, 72 %, 56 %, 15360 MiB, 458 MiB, 14451 MiB
2023/01/02 17:15:53.814, 74 %, 58 %, 15360 MiB, 458 MiB, 14451 MiB
2023/01/02 17:15:54.815, 67 %, 51 %, 15360 MiB, 458 MiB, 14451 MiB
2023/01/02 17:15:55.817, 64 %, 51 %, 15360 MiB, 458 MiB, 14451 MiB
2023/01/02 17:15:56.818, 72 %, 57 %, 15360 MiB, 458 MiB, 14451 MiB
2023/01/02 17:15:57.819, 54 %, 43 %, 15360 MiB, 458 MiB, 14451 MiB
2023/01/02 17:15:58.821, 73 %, 59 %, 15360 MiB, 458 MiB, 14451 MiB
2023/01/02 17:15:59.823, 65 %, 51 %, 15360 MiB, 458 MiB, 14451 MiB
2023/01/02 17:16:00.831, 70 %, 54 %, 15360 MiB, 458 MiB, 14451 MiB
2023/01/02 17:16:01.833, 62 %, 49 %, 15360 MiB, 458 MiB, 14451 MiB
2023/01/02 17:16:02.843, 46 %, 34 %, 15360 MiB, 458 MiB, 14451 MiB
2023/01/02 17:16:03.845, 53 %, 41 %, 15360 MiB, 458 MiB, 14451 MiB
2023/01/02 17:16:04.847, 57 %, 45 %, 15360 MiB, 458 MiB, 14451 MiB
2023/01/02 17:16:05.849, 72 %, 56 %, 15360 MiB, 458 MiB, 14451 MiB
2023/01/02 17:16:06.850, 74 %, 57 %, 15360 MiB, 458 MiB, 14451 MiB
2023/01/02 17:16:07.851, 74 %, 57 %, 15360 MiB, 458 MiB, 14451 MiB
2023/01/02 17:16:08.853, 67 %, 52 %, 15360 MiB, 458 MiB, 14451 MiB
2023/01/02 17:16:09.854, 88 %, 70 %, 15360 MiB, 458 MiB, 14451 MiB
2023/01/02 17:16:10.856, 64 %, 52 %, 15360 MiB, 458 MiB, 14451 MiB
2023/01/02 17:16:11.857, 69 %, 54 %, 15360 MiB, 458 MiB, 14451 MiB
2023/01/02 17:16:12.859, 65 %, 51 %, 15360 MiB, 458 MiB, 14451 MiB
2023/01/02 17:16:13.860, 75 %, 56 %, 15360 MiB, 458 MiB, 14451 MiB
2023/01/02 17:16:14.861, 71 %, 55 %, 15360 MiB, 458 MiB, 14451 MiB
2023/01/02 17:16:15.863, 73 %, 59 %, 15360 MiB, 458 MiB, 14451 MiB
2023/01/02 17:16:16.864, 33 %, 28 %, 15360 MiB, 458 MiB, 14451 MiB
2023/01/02 17:16:17.867, 55 %, 45 %, 15360 MiB, 458 MiB, 14451 MiB
2023/01/02 17:16:18.868, 73 %, 60 %, 15360 MiB, 458 MiB, 14451 MiB
2023/01/02 17:16:19.870, 66 %, 51 %, 15360 MiB, 458 MiB, 14451 MiB
2023/01/02 17:16:20.872, 70 %, 52 %, 15360 MiB, 458 MiB, 14451 MiB
2023/01/02 17:16:21.874, 70 %, 55 %, 15360 MiB, 458 MiB, 14451 MiB
2023/01/02 17:16:22.876, 73 %, 59 %, 15360 MiB, 458 MiB, 14451 MiB
2023/01/02 17:16:23.877, 77 %, 59 %, 15360 MiB, 458 MiB, 14451 MiB
2023/01/02 17:16:24.878, 70 %, 54 %, 15360 MiB, 458 MiB, 14451 MiB
2023/01/02 17:16:25.880, 66 %, 52 %, 15360 MiB, 458 MiB, 14451 MiB
2023/01/02 17:16:26.881, 70 %, 53 %, 15360 MiB, 458 MiB, 14451 MiB
2023/01/02 17:16:27.883, 77 %, 59 %, 15360 MiB, 458 MiB, 14451 MiB
2023/01/02 17:16:28.885, 73 %, 60 %, 15360 MiB, 458 MiB, 14451 MiB
2023/01/02 17:16:29.886, 73 %, 56 %, 15360 MiB, 458 MiB, 14451 MiB
2023/01/02 17:16:30.887, 73 %, 57 %, 15360 MiB, 458 MiB, 14451 MiB
2023/01/02 17:16:31.888, 74 %, 56 %, 15360 MiB, 458 MiB, 14451 MiB
2023/01/02 17:16:32.890, 78 %, 60 %, 15360 MiB, 458 MiB, 14451 MiB
2023/01/02 17:16:33.893, 74 %, 56 %, 15360 MiB, 458 MiB, 14451 MiB
2023/01/02 17:16:34.895, 74 %, 58 %, 15360 MiB, 458 MiB, 14451 MiB
2023/01/02 17:16:35.896, 69 %, 54 %, 15360 MiB, 458 MiB, 14451 MiB
2023/01/02 17:16:36.898, 69 %, 51 %, 15360 MiB, 458 MiB, 14451 MiB
2023/01/02 17:16:37.899, 64 %, 51 %, 15360 MiB, 458 MiB, 14451 MiB
2023/01/02 17:16:38.902, 78 %, 62 %, 15360 MiB, 458 MiB, 14451 MiB
2023/01/02 17:16:39.904, 75 %, 59 %, 15360 MiB, 458 MiB, 14451 MiB
2023/01/02 17:16:40.905, 71 %, 56 %, 15360 MiB, 458 MiB, 14451 MiB
2023/01/02 17:16:41.909, 80 %, 63 %, 15360 MiB, 458 MiB, 14451 MiB
2023/01/02 17:16:42.910, 65 %, 52 %, 15360 MiB, 458 MiB, 14451 MiB
2023/01/02 17:16:43.911, 67 %, 54 %, 15360 MiB, 458 MiB, 14451 MiB
2023/01/02 17:16:44.913, 66 %, 51 %, 15360 MiB, 458 MiB, 14451 MiB
2023/01/02 17:16:45.914, 67 %, 50 %, 15360 MiB, 458 MiB, 14451 MiB
2023/01/02 17:16:46.917, 76 %, 61 %, 15360 MiB, 458 MiB, 14451 MiB
2023/01/02 17:16:47.918, 75 %, 58 %, 15360 MiB, 458 MiB, 14451 MiB
2023/01/02 17:16:48.920, 22 %, 21 %, 15360 MiB, 458 MiB, 14451 MiB
2023/01/02 17:16:49.921, 92 %, 71 %, 15360 MiB, 458 MiB, 14451 MiB
2023/01/02 17:16:50.923, 70 %, 56 %, 15360 MiB, 458 MiB, 14451 MiB
2023/01/02 17:16:51.925, 68 %, 53 %, 15360 MiB, 458 MiB, 14451 MiB
2023/01/02 17:16:52.926, 69 %, 51 %, 15360 MiB, 458 MiB, 14451 MiB
2023/01/02 17:16:53.927, 69 %, 54 %, 15360 MiB, 458 MiB, 14451 MiB
2023/01/02 17:16:54.928, 69 %, 54 %, 15360 MiB, 458 MiB, 14451 MiB
2023/01/02 17:16:55.930, 68 %, 52 %, 15360 MiB, 458 MiB, 14451 MiB
2023/01/02 17:16:56.932, 72 %, 56 %, 15360 MiB, 458 MiB, 14451 MiB
2023/01/02 17:16:57.935, 70 %, 55 %, 15360 MiB, 458 MiB, 14451 MiB
2023/01/02 17:16:58.936, 67 %, 52 %, 15360 MiB, 458 MiB, 14451 MiB
2023/01/02 17:16:59.937, 68 %, 52 %, 15360 MiB, 458 MiB, 14451 MiB
2023/01/02 17:17:00.938, 71 %, 54 %, 15360 MiB, 458 MiB, 14451 MiB
2023/01/02 17:17:01.943, 59 %, 46 %, 15360 MiB, 458 MiB, 14451 MiB
2023/01/02 17:17:02.947, 24 %, 21 %, 15360 MiB, 458 MiB, 14451 MiB
2023/01/02 17:17:03.949, 43 %, 33 %, 15360 MiB, 458 MiB, 14451 MiB
2023/01/02 17:17:04.950, 63 %, 51 %, 15360 MiB, 458 MiB, 14451 MiB
2023/01/02 17:17:05.952, 68 %, 51 %, 15360 MiB, 458 MiB, 14451 MiB
2023/01/02 17:17:06.953, 75 %, 59 %, 15360 MiB, 458 MiB, 14451 MiB
2023/01/02 17:17:07.956, 72 %, 58 %, 15360 MiB, 458 MiB, 14451 MiB
2023/01/02 17:17:08.957, 65 %, 51 %, 15360 MiB, 458 MiB, 14451 MiB
2023/01/02 17:17:09.959, 68 %, 51 %, 15360 MiB, 458 MiB, 14451 MiB
2023/01/02 17:17:10.960, 69 %, 51 %, 15360 MiB, 458 MiB, 14451 MiB
2023/01/02 17:17:11.961, 73 %, 57 %, 15360 MiB, 458 MiB, 14451 MiB
2023/01/02 17:17:12.962, 71 %, 55 %, 15360 MiB, 458 MiB, 14451 MiB
2023/01/02 17:17:13.964, 50 %, 42 %, 15360 MiB, 458 MiB, 14451 MiB
2023/01/02 17:17:14.965, 77 %, 61 %, 15360 MiB, 458 MiB, 14451 MiB
2023/01/02 17:17:15.967, 74 %, 58 %, 15360 MiB, 458 MiB, 14451 MiB
2023/01/02 17:17:16.969, 68 %, 51 %, 15360 MiB, 458 MiB, 14451 MiB
2023/01/02 17:17:17.970, 88 %, 68 %, 15360 MiB, 458 MiB, 14451 MiB
2023/01/02 17:17:18.971, 73 %, 57 %, 15360 MiB, 458 MiB, 14451 MiB
2023/01/02 17:17:19.973, 60 %, 50 %, 15360 MiB, 458 MiB, 14451 MiB
2023/01/02 17:17:20.975, 65 %, 52 %, 15360 MiB, 458 MiB, 14451 MiB
2023/01/02 17:17:21.976, 57 %, 46 %, 15360 MiB, 458 MiB, 14451 MiB
2023/01/02 17:17:22.978, 42 %, 34 %, 15360 MiB, 458 MiB, 14451 MiB
2023/01/02 17:17:23.980, 73 %, 56 %, 15360 MiB, 458 MiB, 14451 MiB
2023/01/02 17:17:24.982, 73 %, 57 %, 15360 MiB, 458 MiB, 14451 MiB
2023/01/02 17:17:25.984, 70 %, 55 %, 15360 MiB, 458 MiB, 14451 MiB
2023/01/02 17:17:26.986, 75 %, 59 %, 15360 MiB, 458 MiB, 14451 MiB
2023/01/02 17:17:27.987, 74 %, 57 %, 15360 MiB, 458 MiB, 14451 MiB
2023/01/02 17:17:28.988, 77 %, 59 %, 15360 MiB, 458 MiB, 14451 MiB
2023/01/02 17:17:29.991, 67 %, 50 %, 15360 MiB, 458 MiB, 14451 MiB
2023/01/02 17:17:30.993, 71 %, 54 %, 15360 MiB, 458 MiB, 14451 MiB
2023/01/02 17:17:31.994, 65 %, 52 %, 15360 MiB, 458 MiB, 14451 MiB
2023/01/02 17:17:32.997, 79 %, 63 %, 15360 MiB, 458 MiB, 14451 MiB
2023/01/02 17:17:33.999, 71 %, 56 %, 15360 MiB, 458 MiB, 14451 MiB
2023/01/02 17:17:35.000, 59 %, 48 %, 15360 MiB, 458 MiB, 14451 MiB
2023/01/02 17:17:36.001, 69 %, 52 %, 15360 MiB, 458 MiB, 14451 MiB
2023/01/02 17:17:37.003, 74 %, 58 %, 15360 MiB, 458 MiB, 14451 MiB
2023/01/02 17:17:38.006, 73 %, 59 %, 15360 MiB, 458 MiB, 14451 MiB
2023/01/02 17:17:39.007, 75 %, 59 %, 15360 MiB, 458 MiB, 14451 MiB
2023/01/02 17:17:40.008, 71 %, 55 %, 15360 MiB, 458 MiB, 14451 MiB
2023/01/02 17:17:41.010, 65 %, 51 %, 15360 MiB, 458 MiB, 14451 MiB
2023/01/02 17:17:42.011, 63 %, 52 %, 15360 MiB, 458 MiB, 14451 MiB
2023/01/02 17:17:43.012, 65 %, 50 %, 15360 MiB, 458 MiB, 14451 MiB
2023/01/02 17:17:44.014, 73 %, 58 %, 15360 MiB, 458 MiB, 14451 MiB
2023/01/02 17:17:45.015, 73 %, 58 %, 15360 MiB, 458 MiB, 14451 MiB
2023/01/02 17:17:46.016, 75 %, 56 %, 15360 MiB, 458 MiB, 14451 MiB
2023/01/02 17:17:47.018, 69 %, 52 %, 15360 MiB, 458 MiB, 14451 MiB
2023/01/02 17:17:48.019, 66 %, 51 %, 15360 MiB, 458 MiB, 14451 MiB
2023/01/02 17:17:49.020, 66 %, 51 %, 15360 MiB, 458 MiB, 14451 MiB
2023/01/02 17:17:50.021, 65 %, 52 %, 15360 MiB, 458 MiB, 14451 MiB
2023/01/02 17:17:51.024, 65 %, 50 %, 15360 MiB, 458 MiB, 14451 MiB
2023/01/02 17:17:52.025, 70 %, 55 %, 15360 MiB, 458 MiB, 14451 MiB
2023/01/02 17:17:53.026, 76 %, 60 %, 15360 MiB, 458 MiB, 14451 MiB
2023/01/02 17:17:54.028, 79 %, 62 %, 15360 MiB, 458 MiB, 14451 MiB
2023/01/02 17:17:55.030, 65 %, 51 %, 15360 MiB, 458 MiB, 14451 MiB
2023/01/02 17:17:56.031, 70 %, 51 %, 15360 MiB, 458 MiB, 14451 MiB
2023/01/02 17:17:57.032, 23 %, 18 %, 15360 MiB, 458 MiB, 14451 MiB
2023/01/02 17:17:58.034, 70 %, 55 %, 15360 MiB, 458 MiB, 14451 MiB
2023/01/02 17:17:59.036, 74 %, 57 %, 15360 MiB, 458 MiB, 14451 MiB
2023/01/02 17:18:00.038, 65 %, 50 %, 15360 MiB, 458 MiB, 14451 MiB
2023/01/02 17:18:01.040, 81 %, 61 %, 15360 MiB, 458 MiB, 14451 MiB
2023/01/02 17:18:02.042, 42 %, 32 %, 15360 MiB, 458 MiB, 14451 MiB
2023/01/02 17:18:03.043, 59 %, 46 %, 15360 MiB, 458 MiB, 14451 MiB
2023/01/02 17:18:04.044, 73 %, 59 %, 15360 MiB, 458 MiB, 14451 MiB
2023/01/02 17:18:05.045, 43 %, 35 %, 15360 MiB, 458 MiB, 14451 MiB
2023/01/02 17:18:06.046, 58 %, 44 %, 15360 MiB, 458 MiB, 14451 MiB
2023/01/02 17:18:07.048, 69 %, 54 %, 15360 MiB, 458 MiB, 14451 MiB
2023/01/02 17:18:08.050, 88 %, 71 %, 15360 MiB, 458 MiB, 14451 MiB
2023/01/02 17:18:09.052, 74 %, 58 %, 15360 MiB, 458 MiB, 14451 MiB
2023/01/02 17:18:10.054, 67 %, 52 %, 15360 MiB, 458 MiB, 14451 MiB
2023/01/02 17:18:11.056, 69 %, 54 %, 15360 MiB, 458 MiB, 14451 MiB
2023/01/02 17:18:12.057, 83 %, 64 %, 15360 MiB, 458 MiB, 14451 MiB
2023/01/02 17:18:13.059, 88 %, 72 %, 15360 MiB, 458 MiB, 14451 MiB
2023/01/02 17:18:14.060, 92 %, 71 %, 15360 MiB, 458 MiB, 14451 MiB
2023/01/02 17:18:15.062, 75 %, 58 %, 15360 MiB, 458 MiB, 14451 MiB
2023/01/02 17:18:16.064, 73 %, 57 %, 15360 MiB, 458 MiB, 14451 MiB
2023/01/02 17:18:17.066, 71 %, 54 %, 15360 MiB, 458 MiB, 14451 MiB
2023/01/02 17:18:18.067, 69 %, 52 %, 15360 MiB, 458 MiB, 14451 MiB
2023/01/02 17:18:19.069, 65 %, 52 %, 15360 MiB, 458 MiB, 14451 MiB
2023/01/02 17:18:20.072, 73 %, 58 %, 15360 MiB, 458 MiB, 14451 MiB
2023/01/02 17:18:21.074, 68 %, 51 %, 15360 MiB, 458 MiB, 14451 MiB
2023/01/02 17:18:22.076, 71 %, 56 %, 15360 MiB, 458 MiB, 14451 MiB
2023/01/02 17:18:23.078, 81 %, 63 %, 15360 MiB, 458 MiB, 14451 MiB
2023/01/02 17:18:24.079, 65 %, 51 %, 15360 MiB, 458 MiB, 14451 MiB
2023/01/02 17:18:25.081, 73 %, 59 %, 15360 MiB, 458 MiB, 14451 MiB
2023/01/02 17:18:26.082, 72 %, 57 %, 15360 MiB, 458 MiB, 14451 MiB
2023/01/02 17:18:27.084, 66 %, 51 %, 15360 MiB, 458 MiB, 14451 MiB
2023/01/02 17:18:28.086, 58 %, 48 %, 15360 MiB, 458 MiB, 14451 MiB
2023/01/02 17:18:29.088, 67 %, 51 %, 15360 MiB, 458 MiB, 14451 MiB
2023/01/02 17:18:30.090, 64 %, 54 %, 15360 MiB, 458 MiB, 14451 MiB
2023/01/02 17:18:31.092, 73 %, 57 %, 15360 MiB, 458 MiB, 14451 MiB
2023/01/02 17:18:32.095, 92 %, 70 %, 15360 MiB, 458 MiB, 14451 MiB
2023/01/02 17:18:33.097, 69 %, 53 %, 15360 MiB, 458 MiB, 14451 MiB
2023/01/02 17:18:34.098, 79 %, 62 %, 15360 MiB, 458 MiB, 14451 MiB
2023/01/02 17:18:35.101, 75 %, 60 %, 15360 MiB, 458 MiB, 14451 MiB
2023/01/02 17:18:36.102, 84 %, 64 %, 15360 MiB, 458 MiB, 14451 MiB
2023/01/02 17:18:37.104, 65 %, 52 %, 15360 MiB, 458 MiB, 14451 MiB
2023/01/02 17:18:38.106, 73 %, 56 %, 15360 MiB, 458 MiB, 14451 MiB
2023/01/02 17:18:39.107, 76 %, 60 %, 15360 MiB, 458 MiB, 14451 MiB
2023/01/02 17:18:40.108, 86 %, 67 %, 15360 MiB, 458 MiB, 14451 MiB
2023/01/02 17:18:41.111, 77 %, 61 %, 15360 MiB, 458 MiB, 14451 MiB
2023/01/02 17:18:42.112, 80 %, 64 %, 15360 MiB, 458 MiB, 14451 MiB
2023/01/02 17:18:43.115, 66 %, 51 %, 15360 MiB, 458 MiB, 14451 MiB
2023/01/02 17:18:44.116, 75 %, 60 %, 15360 MiB, 458 MiB, 14451 MiB
2023/01/02 17:18:45.118, 73 %, 57 %, 15360 MiB, 458 MiB, 14451 MiB
2023/01/02 17:18:46.119, 71 %, 54 %, 15360 MiB, 458 MiB, 14451 MiB
2023/01/02 17:18:47.121, 74 %, 58 %, 15360 MiB, 458 MiB, 14451 MiB
2023/01/02 17:18:48.123, 74 %, 57 %, 15360 MiB, 458 MiB, 14451 MiB
2023/01/02 17:18:49.125, 69 %, 54 %, 15360 MiB, 458 MiB, 14451 MiB
2023/01/02 17:18:50.126, 74 %, 55 %, 15360 MiB, 458 MiB, 14451 MiB
2023/01/02 17:18:51.129, 89 %, 68 %, 15360 MiB, 458 MiB, 14451 MiB
2023/01/02 17:18:52.131, 71 %, 55 %, 15360 MiB, 458 MiB, 14451 MiB
2023/01/02 17:18:53.133, 69 %, 54 %, 15360 MiB, 458 MiB, 14451 MiB
2023/01/02 17:18:54.134, 70 %, 54 %, 15360 MiB, 458 MiB, 14451 MiB
2023/01/02 17:18:55.135, 76 %, 59 %, 15360 MiB, 458 MiB, 14451 MiB
2023/01/02 17:18:56.137, 75 %, 58 %, 15360 MiB, 458 MiB, 14451 MiB
2023/01/02 17:18:57.139, 70 %, 52 %, 15360 MiB, 458 MiB, 14451 MiB
2023/01/02 17:18:58.140, 70 %, 55 %, 15360 MiB, 458 MiB, 14451 MiB
2023/01/02 17:18:59.142, 70 %, 56 %, 15360 MiB, 458 MiB, 14451 MiB
2023/01/02 17:19:00.143, 66 %, 51 %, 15360 MiB, 458 MiB, 14451 MiB
2023/01/02 17:19:01.144, 71 %, 55 %, 15360 MiB, 458 MiB, 14451 MiB
2023/01/02 17:19:02.146, 63 %, 50 %, 15360 MiB, 458 MiB, 14451 MiB
2023/01/02 17:19:03.147, 51 %, 41 %, 15360 MiB, 458 MiB, 14451 MiB
2023/01/02 17:19:04.148, 43 %, 32 %, 15360 MiB, 458 MiB, 14451 MiB
2023/01/02 17:19:05.151, 49 %, 38 %, 15360 MiB, 458 MiB, 14451 MiB
2023/01/02 17:19:06.152, 72 %, 57 %, 15360 MiB, 458 MiB, 14451 MiB
2023/01/02 17:19:07.153, 75 %, 59 %, 15360 MiB, 458 MiB, 14451 MiB
2023/01/02 17:19:08.155, 69 %, 55 %, 15360 MiB, 458 MiB, 14451 MiB
2023/01/02 17:19:09.159, 72 %, 56 %, 15360 MiB, 458 MiB, 14451 MiB
2023/01/02 17:19:10.162, 74 %, 59 %, 15360 MiB, 458 MiB, 14451 MiB
2023/01/02 17:19:11.163, 70 %, 54 %, 15360 MiB, 458 MiB, 14451 MiB
2023/01/02 17:19:12.165, 66 %, 51 %, 15360 MiB, 458 MiB, 14451 MiB
2023/01/02 17:19:13.167, 71 %, 56 %, 15360 MiB, 458 MiB, 14451 MiB
2023/01/02 17:19:14.168, 77 %, 63 %, 15360 MiB, 458 MiB, 14451 MiB
2023/01/02 17:19:15.169, 85 %, 65 %, 15360 MiB, 458 MiB, 14451 MiB
2023/01/02 17:19:16.171, 57 %, 47 %, 15360 MiB, 458 MiB, 14451 MiB
2023/01/02 17:19:17.173, 70 %, 56 %, 15360 MiB, 458 MiB, 14451 MiB
2023/01/02 17:19:18.174, 68 %, 54 %, 15360 MiB, 458 MiB, 14451 MiB
2023/01/02 17:19:19.176, 65 %, 51 %, 15360 MiB, 458 MiB, 14451 MiB
2023/01/02 17:19:20.177, 69 %, 54 %, 15360 MiB, 458 MiB, 14451 MiB
2023/01/02 17:19:21.178, 65 %, 50 %, 15360 MiB, 458 MiB, 14451 MiB
2023/01/02 17:19:22.181, 77 %, 59 %, 15360 MiB, 458 MiB, 14451 MiB
2023/01/02 17:19:23.182, 69 %, 52 %, 15360 MiB, 458 MiB, 14451 MiB
2023/01/02 17:19:24.183, 65 %, 50 %, 15360 MiB, 458 MiB, 14451 MiB
2023/01/02 17:19:25.185, 64 %, 51 %, 15360 MiB, 458 MiB, 14451 MiB
2023/01/02 17:19:26.187, 76 %, 60 %, 15360 MiB, 458 MiB, 14451 MiB
2023/01/02 17:19:27.188, 73 %, 57 %, 15360 MiB, 458 MiB, 14451 MiB
2023/01/02 17:19:28.189, 74 %, 59 %, 15360 MiB, 458 MiB, 14451 MiB
2023/01/02 17:19:29.191, 74 %, 59 %, 15360 MiB, 458 MiB, 14451 MiB
2023/01/02 17:19:30.193, 66 %, 50 %, 15360 MiB, 458 MiB, 14451 MiB
2023/01/02 17:19:31.194, 79 %, 63 %, 15360 MiB, 458 MiB, 14451 MiB
2023/01/02 17:19:32.200, 50 %, 41 %, 15360 MiB, 458 MiB, 14451 MiB
2023/01/02 17:19:33.202, 76 %, 61 %, 15360 MiB, 458 MiB, 14451 MiB
2023/01/02 17:19:34.204, 75 %, 58 %, 15360 MiB, 458 MiB, 14451 MiB
2023/01/02 17:19:35.205, 77 %, 61 %, 15360 MiB, 458 MiB, 14451 MiB
2023/01/02 17:19:36.207, 69 %, 53 %, 15360 MiB, 458 MiB, 14451 MiB
2023/01/02 17:19:37.208, 79 %, 62 %, 15360 MiB, 458 MiB, 14451 MiB
2023/01/02 17:19:38.209, 59 %, 46 %, 15360 MiB, 458 MiB, 14451 MiB
2023/01/02 17:19:39.211, 72 %, 56 %, 15360 MiB, 458 MiB, 14451 MiB
2023/01/02 17:19:40.213, 84 %, 67 %, 15360 MiB, 458 MiB, 14451 MiB
2023/01/02 17:19:41.215, 63 %, 49 %, 15360 MiB, 458 MiB, 14451 MiB
2023/01/02 17:19:42.216, 68 %, 54 %, 15360 MiB, 458 MiB, 14451 MiB
2023/01/02 17:19:43.220, 71 %, 56 %, 15360 MiB, 458 MiB, 14451 MiB
2023/01/02 17:19:44.221, 71 %, 57 %, 15360 MiB, 458 MiB, 14451 MiB
2023/01/02 17:19:45.222, 74 %, 59 %, 15360 MiB, 458 MiB, 14451 MiB
2023/01/02 17:19:46.223, 75 %, 59 %, 15360 MiB, 458 MiB, 14451 MiB
2023/01/02 17:19:47.225, 65 %, 51 %, 15360 MiB, 458 MiB, 14451 MiB
2023/01/02 17:19:48.226, 75 %, 58 %, 15360 MiB, 458 MiB, 14451 MiB
2023/01/02 17:19:49.227, 56 %, 46 %, 15360 MiB, 458 MiB, 14451 MiB
2023/01/02 17:19:50.230, 72 %, 57 %, 15360 MiB, 458 MiB, 14451 MiB
2023/01/02 17:19:51.231, 69 %, 55 %, 15360 MiB, 458 MiB, 14451 MiB
2023/01/02 17:19:52.234, 89 %, 70 %, 15360 MiB, 458 MiB, 14451 MiB
2023/01/02 17:19:53.235, 69 %, 51 %, 15360 MiB, 458 MiB, 14451 MiB
2023/01/02 17:19:54.237, 72 %, 55 %, 15360 MiB, 458 MiB, 14451 MiB
2023/01/02 17:19:55.238, 77 %, 59 %, 15360 MiB, 458 MiB, 14451 MiB
2023/01/02 17:19:56.240, 72 %, 54 %, 15360 MiB, 458 MiB, 14451 MiB
2023/01/02 17:19:57.241, 79 %, 62 %, 15360 MiB, 458 MiB, 14451 MiB
2023/01/02 17:19:58.242, 47 %, 38 %, 15360 MiB, 458 MiB, 14451 MiB
2023/01/02 17:19:59.244, 74 %, 62 %, 15360 MiB, 458 MiB, 14451 MiB
2023/01/02 17:20:00.245, 72 %, 55 %, 15360 MiB, 458 MiB, 14451 MiB
2023/01/02 17:20:01.247, 65 %, 50 %, 15360 MiB, 458 MiB, 14451 MiB
2023/01/02 17:20:02.249, 58 %, 47 %, 15360 MiB, 458 MiB, 14451 MiB
2023/01/02 17:20:03.250, 45 %, 36 %, 15360 MiB, 458 MiB, 14451 MiB
2023/01/02 17:20:04.255, 60 %, 47 %, 15360 MiB, 458 MiB, 14451 MiB
2023/01/02 17:20:05.257, 44 %, 36 %, 15360 MiB, 458 MiB, 14451 MiB
2023/01/02 17:20:06.258, 65 %, 50 %, 15360 MiB, 458 MiB, 14451 MiB
2023/01/02 17:20:07.260, 76 %, 58 %, 15360 MiB, 458 MiB, 14451 MiB
2023/01/02 17:20:08.261, 74 %, 56 %, 15360 MiB, 458 MiB, 14451 MiB
2023/01/02 17:20:09.262, 60 %, 50 %, 15360 MiB, 458 MiB, 14451 MiB
2023/01/02 17:20:10.264, 73 %, 56 %, 15360 MiB, 458 MiB, 14451 MiB
2023/01/02 17:20:11.266, 75 %, 57 %, 15360 MiB, 458 MiB, 14451 MiB
2023/01/02 17:20:12.267, 68 %, 54 %, 15360 MiB, 458 MiB, 14451 MiB
2023/01/02 17:20:13.269, 92 %, 70 %, 15360 MiB, 458 MiB, 14451 MiB
2023/01/02 17:20:14.271, 74 %, 57 %, 15360 MiB, 458 MiB, 14451 MiB
2023/01/02 17:20:15.275, 56 %, 44 %, 15360 MiB, 458 MiB, 14451 MiB
2023/01/02 17:20:16.277, 66 %, 52 %, 15360 MiB, 458 MiB, 14451 MiB
2023/01/02 17:20:17.278, 71 %, 55 %, 15360 MiB, 458 MiB, 14451 MiB
2023/01/02 17:20:18.281, 69 %, 54 %, 15360 MiB, 458 MiB, 14451 MiB
2023/01/02 17:20:19.283, 74 %, 58 %, 15360 MiB, 458 MiB, 14451 MiB
2023/01/02 17:20:20.285, 48 %, 40 %, 15360 MiB, 458 MiB, 14451 MiB
2023/01/02 17:20:21.288, 70 %, 52 %, 15360 MiB, 458 MiB, 14451 MiB
2023/01/02 17:20:22.291, 64 %, 51 %, 15360 MiB, 458 MiB, 14451 MiB
2023/01/02 17:20:23.292, 83 %, 63 %, 15360 MiB, 458 MiB, 14451 MiB
2023/01/02 17:20:24.294, 68 %, 55 %, 15360 MiB, 458 MiB, 14451 MiB
2023/01/02 17:20:25.295, 76 %, 61 %, 15360 MiB, 458 MiB, 14451 MiB
2023/01/02 17:20:26.297, 73 %, 57 %, 15360 MiB, 458 MiB, 14451 MiB
2023/01/02 17:20:27.298, 80 %, 64 %, 15360 MiB, 458 MiB, 14451 MiB
2023/01/02 17:20:28.300, 66 %, 52 %, 15360 MiB, 458 MiB, 14451 MiB
2023/01/02 17:20:29.302, 69 %, 55 %, 15360 MiB, 458 MiB, 14451 MiB
2023/01/02 17:20:30.304, 64 %, 50 %, 15360 MiB, 458 MiB, 14451 MiB
2023/01/02 17:20:31.305, 80 %, 63 %, 15360 MiB, 458 MiB, 14451 MiB
2023/01/02 17:20:32.307, 59 %, 47 %, 15360 MiB, 458 MiB, 14451 MiB
2023/01/02 17:20:33.308, 69 %, 55 %, 15360 MiB, 458 MiB, 14451 MiB
2023/01/02 17:20:34.309, 71 %, 55 %, 15360 MiB, 458 MiB, 14451 MiB
2023/01/02 17:20:35.310, 71 %, 53 %, 15360 MiB, 458 MiB, 14451 MiB
2023/01/02 17:20:36.311, 55 %, 43 %, 15360 MiB, 458 MiB, 14451 MiB
2023/01/02 17:20:37.313, 87 %, 66 %, 15360 MiB, 458 MiB, 14451 MiB
2023/01/02 17:20:38.314, 67 %, 52 %, 15360 MiB, 458 MiB, 14451 MiB
2023/01/02 17:20:39.317, 64 %, 50 %, 15360 MiB, 458 MiB, 14451 MiB
2023/01/02 17:20:40.318, 73 %, 58 %, 15360 MiB, 458 MiB, 14451 MiB
2023/01/02 17:20:41.320, 80 %, 62 %, 15360 MiB, 458 MiB, 14451 MiB
2023/01/02 17:20:42.321, 74 %, 57 %, 15360 MiB, 458 MiB, 14451 MiB
2023/01/02 17:20:43.323, 68 %, 52 %, 15360 MiB, 458 MiB, 14451 MiB
2023/01/02 17:20:44.324, 71 %, 55 %, 15360 MiB, 458 MiB, 14451 MiB
2023/01/02 17:20:45.331, 83 %, 65 %, 15360 MiB, 458 MiB, 14451 MiB
2023/01/02 17:20:46.333, 87 %, 66 %, 15360 MiB, 458 MiB, 14451 MiB
2023/01/02 17:20:47.335, 77 %, 59 %, 15360 MiB, 458 MiB, 14451 MiB
2023/01/02 17:20:48.336, 82 %, 64 %, 15360 MiB, 458 MiB, 14451 MiB
2023/01/02 17:20:49.338, 71 %, 53 %, 15360 MiB, 458 MiB, 14451 MiB
2023/01/02 17:20:50.339, 0 %, 0 %, 15360 MiB, 458 MiB, 14451 MiB
2023/01/02 17:20:51.340, 0 %, 0 %, 15360 MiB, 458 MiB, 14451 MiB
2023/01/02 17:20:52.341, 11 %, 6 %, 15360 MiB, 458 MiB, 14451 MiB
2023/01/02 17:20:53.343, 23 %, 12 %, 15360 MiB, 458 MiB, 14451 MiB
2023/01/02 17:20:54.344, 24 %, 12 %, 15360 MiB, 458 MiB, 14451 MiB
2023/01/02 17:20:55.345, 24 %, 12 %, 15360 MiB, 458 MiB, 14451 MiB
2023/01/02 17:20:56.348, 2 %, 0 %, 15360 MiB, 458 MiB, 14451 MiB
2023/01/02 17:20:57.349, 31 %, 18 %, 15360 MiB, 458 MiB, 14451 MiB
2023/01/02 17:20:58.350, 25 %, 14 %, 15360 MiB, 458 MiB, 14451 MiB
2023/01/02 17:20:59.352, 24 %, 12 %, 15360 MiB, 458 MiB, 14451 MiB
2023/01/02 17:21:00.353, 24 %, 12 %, 15360 MiB, 458 MiB, 14451 MiB
2023/01/02 17:21:01.354, 24 %, 12 %, 15360 MiB, 458 MiB, 14451 MiB
2023/01/02 17:21:02.355, 19 %, 9 %, 15360 MiB, 458 MiB, 14451 MiB
2023/01/02 17:21:03.357, 24 %, 12 %, 15360 MiB, 458 MiB, 14451 MiB
2023/01/02 17:21:04.359, 23 %, 12 %, 15360 MiB, 458 MiB, 14451 MiB
2023/01/02 17:21:05.360, 24 %, 12 %, 15360 MiB, 458 MiB, 14451 MiB
2023/01/02 17:21:06.361, 24 %, 12 %, 15360 MiB, 458 MiB, 14451 MiB
2023/01/02 17:21:07.363, 24 %, 12 %, 15360 MiB, 458 MiB, 14451 MiB
2023/01/02 17:21:08.365, 24 %, 12 %, 15360 MiB, 458 MiB, 14451 MiB
2023/01/02 17:21:09.366, 27 %, 13 %, 15360 MiB, 458 MiB, 14451 MiB
2023/01/02 17:21:10.369, 12 %, 6 %, 15360 MiB, 458 MiB, 14451 MiB
2023/01/02 17:21:11.370, 24 %, 12 %, 15360 MiB, 458 MiB, 14451 MiB
2023/01/02 17:21:12.371, 24 %, 12 %, 15360 MiB, 458 MiB, 14451 MiB
2023/01/02 17:21:13.373, 24 %, 12 %, 15360 MiB, 458 MiB, 14451 MiB
2023/01/02 17:21:14.374, 33 %, 18 %, 15360 MiB, 458 MiB, 14451 MiB
2023/01/02 17:21:15.375, 36 %, 18 %, 15360 MiB, 458 MiB, 14451 MiB
2023/01/02 17:21:16.376, 27 %, 12 %, 15360 MiB, 458 MiB, 14451 MiB
2023/01/02 17:21:17.378, 29 %, 15 %, 15360 MiB, 458 MiB, 14451 MiB
2023/01/02 17:21:18.379, 24 %, 12 %, 15360 MiB, 458 MiB, 14451 MiB
2023/01/02 17:21:19.381, 24 %, 12 %, 15360 MiB, 458 MiB, 14451 MiB
2023/01/02 17:21:20.382, 26 %, 12 %, 15360 MiB, 458 MiB, 14451 MiB
2023/01/02 17:21:21.384, 24 %, 12 %, 15360 MiB, 458 MiB, 14451 MiB
2023/01/02 17:21:22.386, 24 %, 12 %, 15360 MiB, 458 MiB, 14451 MiB
2023/01/02 17:21:23.387, 24 %, 12 %, 15360 MiB, 458 MiB, 14451 MiB
2023/01/02 17:21:24.388, 24 %, 12 %, 15360 MiB, 458 MiB, 14451 MiB
2023/01/02 17:21:25.389, 24 %, 12 %, 15360 MiB, 458 MiB, 14451 MiB
2023/01/02 17:21:26.391, 31 %, 14 %, 15360 MiB, 458 MiB, 14451 MiB
2023/01/02 17:21:27.392, 31 %, 17 %, 15360 MiB, 458 MiB, 14451 MiB
2023/01/02 17:21:28.393, 24 %, 12 %, 15360 MiB, 458 MiB, 14451 MiB
2023/01/02 17:21:29.396, 24 %, 12 %, 15360 MiB, 458 MiB, 14451 MiB
2023/01/02 17:21:30.397, 24 %, 12 %, 15360 MiB, 458 MiB, 14451 MiB
2023/01/02 17:21:31.398, 25 %, 12 %, 15360 MiB, 458 MiB, 14451 MiB
2023/01/02 17:21:32.399, 33 %, 18 %, 15360 MiB, 458 MiB, 14451 MiB
2023/01/02 17:21:33.402, 24 %, 12 %, 15360 MiB, 458 MiB, 14451 MiB
2023/01/02 17:21:34.403, 24 %, 12 %, 15360 MiB, 458 MiB, 14451 MiB
2023/01/02 17:21:35.404, 33 %, 15 %, 15360 MiB, 458 MiB, 14451 MiB
2023/01/02 17:21:36.405, 24 %, 12 %, 15360 MiB, 458 MiB, 14451 MiB
2023/01/02 17:21:37.407, 24 %, 12 %, 15360 MiB, 458 MiB, 14451 MiB
2023/01/02 17:21:38.408, 26 %, 12 %, 15360 MiB, 458 MiB, 14451 MiB
2023/01/02 17:21:39.410, 35 %, 17 %, 15360 MiB, 458 MiB, 14451 MiB
2023/01/02 17:21:40.411, 24 %, 12 %, 15360 MiB, 458 MiB, 14451 MiB
2023/01/02 17:21:41.412, 36 %, 18 %, 15360 MiB, 458 MiB, 14451 MiB
2023/01/02 17:21:42.413, 24 %, 12 %, 15360 MiB, 458 MiB, 14451 MiB
2023/01/02 17:21:43.415, 24 %, 12 %, 15360 MiB, 458 MiB, 14451 MiB
2023/01/02 17:21:44.416, 24 %, 12 %, 15360 MiB, 458 MiB, 14451 MiB
2023/01/02 17:21:45.417, 27 %, 13 %, 15360 MiB, 458 MiB, 14451 MiB
2023/01/02 17:21:46.419, 36 %, 18 %, 15360 MiB, 458 MiB, 14451 MiB
2023/01/02 17:21:47.420, 24 %, 12 %, 15360 MiB, 458 MiB, 14451 MiB
2023/01/02 17:21:48.421, 24 %, 12 %, 15360 MiB, 458 MiB, 14451 MiB
2023/01/02 17:21:49.422, 28 %, 13 %, 15360 MiB, 458 MiB, 14451 MiB
2023/01/02 17:21:50.424, 30 %, 16 %, 15360 MiB, 458 MiB, 14451 MiB
2023/01/02 17:21:51.425, 35 %, 18 %, 15360 MiB, 458 MiB, 14451 MiB
2023/01/02 17:21:52.426, 34 %, 16 %, 15360 MiB, 458 MiB, 14451 MiB
2023/01/02 17:21:53.428, 24 %, 12 %, 15360 MiB, 458 MiB, 14451 MiB
2023/01/02 17:21:54.429, 24 %, 12 %, 15360 MiB, 458 MiB, 14451 MiB
2023/01/02 17:21:55.431, 24 %, 12 %, 15360 MiB, 458 MiB, 14451 MiB
2023/01/02 17:21:56.433, 32 %, 15 %, 15360 MiB, 458 MiB, 14451 MiB
2023/01/02 17:21:57.434, 24 %, 12 %, 15360 MiB, 458 MiB, 14451 MiB
2023/01/02 17:21:58.435, 24 %, 12 %, 15360 MiB, 458 MiB, 14451 MiB
2023/01/02 17:21:59.437, 24 %, 12 %, 15360 MiB, 458 MiB, 14451 MiB
2023/01/02 17:22:00.438, 30 %, 14 %, 15360 MiB, 458 MiB, 14451 MiB
2023/01/02 17:22:01.443, 12 %, 6 %, 15360 MiB, 458 MiB, 14451 MiB
2023/01/02 17:22:02.444, 18 %, 10 %, 15360 MiB, 458 MiB, 14451 MiB
2023/01/02 17:22:03.446, 24 %, 12 %, 15360 MiB, 458 MiB, 14451 MiB
2023/01/02 17:22:04.447, 24 %, 12 %, 15360 MiB, 458 MiB, 14451 MiB
2023/01/02 17:22:05.449, 36 %, 18 %, 15360 MiB, 458 MiB, 14451 MiB
2023/01/02 17:22:06.450, 36 %, 18 %, 15360 MiB, 458 MiB, 14451 MiB
2023/01/02 17:22:07.451, 27 %, 14 %, 15360 MiB, 458 MiB, 14451 MiB
2023/01/02 17:22:08.452, 29 %, 15 %, 15360 MiB, 458 MiB, 14451 MiB
2023/01/02 17:22:09.453, 22 %, 12 %, 15360 MiB, 458 MiB, 14451 MiB
2023/01/02 17:22:10.455, 22 %, 12 %, 15360 MiB, 458 MiB, 14451 MiB
2023/01/02 17:22:11.456, 35 %, 18 %, 15360 MiB, 458 MiB, 14451 MiB
2023/01/02 17:22:12.457, 36 %, 18 %, 15360 MiB, 458 MiB, 14451 MiB
2023/01/02 17:22:13.459, 31 %, 15 %, 15360 MiB, 458 MiB, 14451 MiB
2023/01/02 17:22:14.461, 23 %, 11 %, 15360 MiB, 458 MiB, 14451 MiB
2023/01/02 17:22:15.462, 24 %, 12 %, 15360 MiB, 458 MiB, 14451 MiB
2023/01/02 17:22:16.464, 25 %, 12 %, 15360 MiB, 458 MiB, 14451 MiB
2023/01/02 17:22:17.465, 31 %, 17 %, 15360 MiB, 458 MiB, 14451 MiB
2023/01/02 17:22:18.466, 36 %, 18 %, 15360 MiB, 458 MiB, 14451 MiB
2023/01/02 17:22:19.468, 24 %, 12 %, 15360 MiB, 458 MiB, 14451 MiB
2023/01/02 17:22:20.469, 36 %, 18 %, 15360 MiB, 458 MiB, 14451 MiB
2023/01/02 17:22:21.471, 24 %, 12 %, 15360 MiB, 458 MiB, 14451 MiB
2023/01/02 17:22:22.472, 27 %, 14 %, 15360 MiB, 458 MiB, 14451 MiB
2023/01/02 17:22:23.473, 36 %, 18 %, 15360 MiB, 458 MiB, 14451 MiB
2023/01/02 17:22:24.474, 34 %, 18 %, 15360 MiB, 458 MiB, 14451 MiB
2023/01/02 17:22:25.476, 24 %, 12 %, 15360 MiB, 458 MiB, 14451 MiB
2023/01/02 17:22:26.477, 24 %, 12 %, 15360 MiB, 458 MiB, 14451 MiB
2023/01/02 17:22:27.478, 37 %, 18 %, 15360 MiB, 458 MiB, 14451 MiB
2023/01/02 17:22:28.480, 33 %, 18 %, 15360 MiB, 458 MiB, 14451 MiB
2023/01/02 17:22:29.481, 24 %, 12 %, 15360 MiB, 458 MiB, 14451 MiB
2023/01/02 17:22:30.482, 36 %, 18 %, 15360 MiB, 458 MiB, 14451 MiB
2023/01/02 17:22:31.483, 25 %, 12 %, 15360 MiB, 458 MiB, 14451 MiB
2023/01/02 17:22:32.485, 24 %, 12 %, 15360 MiB, 458 MiB, 14451 MiB
2023/01/02 17:22:33.486, 33 %, 18 %, 15360 MiB, 458 MiB, 14451 MiB
2023/01/02 17:22:34.487, 24 %, 12 %, 15360 MiB, 458 MiB, 14451 MiB
2023/01/02 17:22:35.489, 29 %, 15 %, 15360 MiB, 458 MiB, 14451 MiB
2023/01/02 17:22:36.490, 24 %, 12 %, 15360 MiB, 458 MiB, 14451 MiB
2023/01/02 17:22:37.491, 34 %, 18 %, 15360 MiB, 458 MiB, 14451 MiB
2023/01/02 17:22:38.493, 35 %, 17 %, 15360 MiB, 458 MiB, 14451 MiB
2023/01/02 17:22:39.494, 35 %, 17 %, 15360 MiB, 458 MiB, 14451 MiB
2023/01/02 17:22:40.497, 28 %, 13 %, 15360 MiB, 458 MiB, 14451 MiB
2023/01/02 17:22:41.498, 24 %, 12 %, 15360 MiB, 458 MiB, 14451 MiB
2023/01/02 17:22:42.499, 30 %, 16 %, 15360 MiB, 458 MiB, 14451 MiB
2023/01/02 17:22:43.501, 29 %, 15 %, 15360 MiB, 458 MiB, 14451 MiB
2023/01/02 17:22:44.502, 36 %, 18 %, 15360 MiB, 458 MiB, 14451 MiB
2023/01/02 17:22:45.503, 24 %, 12 %, 15360 MiB, 458 MiB, 14451 MiB
2023/01/02 17:22:46.505, 26 %, 14 %, 15360 MiB, 458 MiB, 14451 MiB
2023/01/02 17:22:47.506, 36 %, 18 %, 15360 MiB, 458 MiB, 14451 MiB
2023/01/02 17:22:48.508, 27 %, 12 %, 15360 MiB, 458 MiB, 14451 MiB
2023/01/02 17:22:49.509, 36 %, 18 %, 15360 MiB, 458 MiB, 14451 MiB
2023/01/02 17:22:50.511, 24 %, 12 %, 15360 MiB, 458 MiB, 14451 MiB
2023/01/02 17:22:51.512, 28 %, 15 %, 15360 MiB, 458 MiB, 14451 MiB
2023/01/02 17:22:52.513, 35 %, 18 %, 15360 MiB, 458 MiB, 14451 MiB
2023/01/02 17:22:53.515, 31 %, 17 %, 15360 MiB, 458 MiB, 14451 MiB
2023/01/02 17:22:54.517, 34 %, 18 %, 15360 MiB, 458 MiB, 14451 MiB
2023/01/02 17:22:55.518, 36 %, 18 %, 15360 MiB, 458 MiB, 14451 MiB
2023/01/02 17:22:56.519, 34 %, 18 %, 15360 MiB, 458 MiB, 14451 MiB
2023/01/02 17:22:57.522, 27 %, 14 %, 15360 MiB, 458 MiB, 14451 MiB
2023/01/02 17:22:58.524, 32 %, 17 %, 15360 MiB, 458 MiB, 14451 MiB
2023/01/02 17:22:59.525, 36 %, 18 %, 15360 MiB, 458 MiB, 14451 MiB
2023/01/02 17:23:00.526, 36 %, 18 %, 15360 MiB, 458 MiB, 14451 MiB
2023/01/02 17:23:01.528, 36 %, 18 %, 15360 MiB, 458 MiB, 14451 MiB
2023/01/02 17:23:02.529, 24 %, 12 %, 15360 MiB, 458 MiB, 14451 MiB
2023/01/02 17:23:03.530, 24 %, 12 %, 15360 MiB, 458 MiB, 14451 MiB
2023/01/02 17:23:04.531, 24 %, 12 %, 15360 MiB, 458 MiB, 14451 MiB
2023/01/02 17:23:05.533, 32 %, 17 %, 15360 MiB, 458 MiB, 14451 MiB
2023/01/02 17:23:06.535, 24 %, 12 %, 15360 MiB, 458 MiB, 14451 MiB
2023/01/02 17:23:07.536, 30 %, 14 %, 15360 MiB, 458 MiB, 14451 MiB
2023/01/02 17:23:08.537, 27 %, 14 %, 15360 MiB, 458 MiB, 14451 MiB
2023/01/02 17:23:09.539, 35 %, 18 %, 15360 MiB, 458 MiB, 14451 MiB
2023/01/02 17:23:10.540, 24 %, 12 %, 15360 MiB, 458 MiB, 14451 MiB
2023/01/02 17:23:11.541, 24 %, 12 %, 15360 MiB, 458 MiB, 14451 MiB
2023/01/02 17:23:12.542, 1 %, 0 %, 15360 MiB, 612 MiB, 14297 MiB
2023/01/02 17:23:13.544, 0 %, 0 %, 15360 MiB, 1016 MiB, 13893 MiB
2023/01/02 17:23:14.545, 9 %, 2 %, 15360 MiB, 14910 MiB, 0 MiB
2023/01/02 17:23:15.546, 0 %, 0 %, 15360 MiB, 14910 MiB, 0 MiB
2023/01/02 17:23:16.547, 0 %, 0 %, 15360 MiB, 14910 MiB, 0 MiB
2023/01/02 17:23:17.548, 0 %, 0 %, 15360 MiB, 14910 MiB, 0 MiB
2023/01/02 17:23:18.549, 0 %, 0 %, 15360 MiB, 14910 MiB, 0 MiB
2023/01/02 17:23:19.552, 0 %, 0 %, 15360 MiB, 14910 MiB, 0 MiB
2023/01/02 17:23:20.554, 0 %, 0 %, 15360 MiB, 14910 MiB, 0 MiB
2023/01/02 17:23:21.556, 0 %, 0 %, 15360 MiB, 14910 MiB, 0 MiB
2023/01/02 17:23:22.558, 0 %, 0 %, 15360 MiB, 14910 MiB, 0 MiB
2023/01/02 17:23:23.560, 0 %, 0 %, 15360 MiB, 14910 MiB, 0 MiB
2023/01/02 17:23:24.562, 0 %, 0 %, 15360 MiB, 14910 MiB, 0 MiB
2023/01/02 17:23:25.565, 0 %, 0 %, 15360 MiB, 14910 MiB, 0 MiB
2023/01/02 17:23:26.567, 0 %, 0 %, 15360 MiB, 14910 MiB, 0 MiB
2023/01/02 17:23:27.569, 0 %, 0 %, 15360 MiB, 14910 MiB, 0 MiB
2023/01/02 17:23:28.571, 0 %, 0 %, 15360 MiB, 14910 MiB, 0 MiB
2023/01/02 17:23:29.573, 0 %, 0 %, 15360 MiB, 14910 MiB, 0 MiB
2023/01/02 17:23:30.575, 0 %, 0 %, 15360 MiB, 14910 MiB, 0 MiB
2023/01/02 17:23:31.578, 0 %, 0 %, 15360 MiB, 14910 MiB, 0 MiB
2023/01/02 17:23:32.580, 0 %, 0 %, 15360 MiB, 14910 MiB, 0 MiB
2023/01/02 17:23:33.582, 0 %, 0 %, 15360 MiB, 14910 MiB, 0 MiB
2023/01/02 17:23:34.584, 0 %, 0 %, 15360 MiB, 14910 MiB, 0 MiB
2023/01/02 17:23:35.586, 0 %, 0 %, 15360 MiB, 14910 MiB, 0 MiB
2023/01/02 17:23:36.588, 0 %, 0 %, 15360 MiB, 14910 MiB, 0 MiB
2023/01/02 17:23:37.590, 0 %, 0 %, 15360 MiB, 14910 MiB, 0 MiB
2023/01/02 17:23:38.592, 0 %, 0 %, 15360 MiB, 14910 MiB, 0 MiB
2023/01/02 17:23:39.594, 0 %, 0 %, 15360 MiB, 14910 MiB, 0 MiB
2023/01/02 17:23:40.596, 0 %, 0 %, 15360 MiB, 14910 MiB, 0 MiB
2023/01/02 17:23:41.598, 0 %, 0 %, 15360 MiB, 14910 MiB, 0 MiB
2023/01/02 17:23:42.600, 0 %, 0 %, 15360 MiB, 14910 MiB, 0 MiB
2023/01/02 17:23:43.602, 0 %, 0 %, 15360 MiB, 14910 MiB, 0 MiB
2023/01/02 17:23:44.604, 0 %, 0 %, 15360 MiB, 14910 MiB, 0 MiB
2023/01/02 17:23:45.606, 0 %, 0 %, 15360 MiB, 14910 MiB, 0 MiB
2023/01/02 17:23:46.608, 0 %, 0 %, 15360 MiB, 14910 MiB, 0 MiB
2023/01/02 17:23:47.610, 0 %, 0 %, 15360 MiB, 14910 MiB, 0 MiB
2023/01/02 17:23:48.612, 0 %, 0 %, 15360 MiB, 14910 MiB, 0 MiB
2023/01/02 17:23:49.614, 0 %, 0 %, 15360 MiB, 14910 MiB, 0 MiB
2023/01/02 17:23:50.616, 0 %, 0 %, 15360 MiB, 14910 MiB, 0 MiB
2023/01/02 17:23:51.618, 0 %, 0 %, 15360 MiB, 14910 MiB, 0 MiB
2023/01/02 17:23:52.620, 0 %, 0 %, 15360 MiB, 14910 MiB, 0 MiB
2023/01/02 17:23:53.622, 0 %, 0 %, 15360 MiB, 14910 MiB, 0 MiB
2023/01/02 17:23:54.624, 0 %, 0 %, 15360 MiB, 14910 MiB, 0 MiB
2023/01/02 17:23:55.626, 0 %, 0 %, 15360 MiB, 14910 MiB, 0 MiB
2023/01/02 17:23:56.628, 0 %, 0 %, 15360 MiB, 14910 MiB, 0 MiB
2023/01/02 17:23:57.630, 0 %, 0 %, 15360 MiB, 14910 MiB, 0 MiB
2023/01/02 17:23:58.632, 0 %, 0 %, 15360 MiB, 14910 MiB, 0 MiB
2023/01/02 17:23:59.634, 0 %, 0 %, 15360 MiB, 14910 MiB, 0 MiB
2023/01/02 17:24:00.636, 0 %, 0 %, 15360 MiB, 14910 MiB, 0 MiB
2023/01/02 17:24:01.638, 0 %, 0 %, 15360 MiB, 14910 MiB, 0 MiB
2023/01/02 17:24:02.639, 0 %, 0 %, 15360 MiB, 14910 MiB, 0 MiB
2023/01/02 17:24:03.642, 0 %, 0 %, 15360 MiB, 14910 MiB, 0 MiB
2023/01/02 17:24:04.644, 0 %, 0 %, 15360 MiB, 14910 MiB, 0 MiB
2023/01/02 17:24:05.646, 0 %, 0 %, 15360 MiB, 14910 MiB, 0 MiB
2023/01/02 17:24:06.648, 0 %, 0 %, 15360 MiB, 14910 MiB, 0 MiB
2023/01/02 17:24:07.650, 0 %, 0 %, 15360 MiB, 14910 MiB, 0 MiB
2023/01/02 17:24:08.652, 0 %, 0 %, 15360 MiB, 14910 MiB, 0 MiB
2023/01/02 17:24:09.654, 0 %, 0 %, 15360 MiB, 14910 MiB, 0 MiB
2023/01/02 17:24:10.656, 0 %, 0 %, 15360 MiB, 14910 MiB, 0 MiB
2023/01/02 17:24:11.658, 0 %, 0 %, 15360 MiB, 14910 MiB, 0 MiB
2023/01/02 17:24:12.660, 0 %, 0 %, 15360 MiB, 14910 MiB, 0 MiB
2023/01/02 17:24:13.662, 0 %, 0 %, 15360 MiB, 14910 MiB, 0 MiB
2023/01/02 17:24:14.664, 0 %, 0 %, 15360 MiB, 14910 MiB, 0 MiB
2023/01/02 17:24:15.666, 0 %, 0 %, 15360 MiB, 14910 MiB, 0 MiB
2023/01/02 17:24:16.668, 0 %, 0 %, 15360 MiB, 14910 MiB, 0 MiB
2023/01/02 17:24:17.670, 0 %, 0 %, 15360 MiB, 14910 MiB, 0 MiB
2023/01/02 17:24:18.672, 0 %, 0 %, 15360 MiB, 14910 MiB, 0 MiB
2023/01/02 17:24:19.674, 0 %, 0 %, 15360 MiB, 14910 MiB, 0 MiB
2023/01/02 17:24:20.676, 0 %, 0 %, 15360 MiB, 14910 MiB, 0 MiB
2023/01/02 17:24:21.678, 0 %, 0 %, 15360 MiB, 14910 MiB, 0 MiB
2023/01/02 17:24:22.680, 0 %, 0 %, 15360 MiB, 14910 MiB, 0 MiB
2023/01/02 17:24:23.681, 0 %, 0 %, 15360 MiB, 14910 MiB, 0 MiB
2023/01/02 17:24:24.683, 0 %, 0 %, 15360 MiB, 14910 MiB, 0 MiB
2023/01/02 17:24:25.685, 0 %, 0 %, 15360 MiB, 14910 MiB, 0 MiB
2023/01/02 17:24:26.687, 0 %, 0 %, 15360 MiB, 14910 MiB, 0 MiB
2023/01/02 17:24:27.689, 0 %, 0 %, 15360 MiB, 14910 MiB, 0 MiB
2023/01/02 17:24:28.691, 0 %, 0 %, 15360 MiB, 14910 MiB, 0 MiB
2023/01/02 17:24:29.693, 0 %, 0 %, 15360 MiB, 14910 MiB, 0 MiB
2023/01/02 17:24:30.696, 0 %, 0 %, 15360 MiB, 14910 MiB, 0 MiB
2023/01/02 17:24:31.698, 0 %, 0 %, 15360 MiB, 14910 MiB, 0 MiB
2023/01/02 17:24:32.701, 0 %, 0 %, 15360 MiB, 14910 MiB, 0 MiB
2023/01/02 17:24:33.703, 0 %, 0 %, 15360 MiB, 14910 MiB, 0 MiB
2023/01/02 17:24:34.705, 0 %, 0 %, 15360 MiB, 14910 MiB, 0 MiB
2023/01/02 17:24:35.707, 0 %, 0 %, 15360 MiB, 14910 MiB, 0 MiB
2023/01/02 17:24:36.709, 0 %, 0 %, 15360 MiB, 14910 MiB, 0 MiB
2023/01/02 17:24:37.711, 0 %, 0 %, 15360 MiB, 14910 MiB, 0 MiB
2023/01/02 17:24:38.713, 0 %, 0 %, 15360 MiB, 14910 MiB, 0 MiB
2023/01/02 17:24:39.715, 0 %, 0 %, 15360 MiB, 14910 MiB, 0 MiB
2023/01/02 17:24:40.716, 0 %, 0 %, 15360 MiB, 14910 MiB, 0 MiB
2023/01/02 17:24:41.718, 0 %, 0 %, 15360 MiB, 14910 MiB, 0 MiB
2023/01/02 17:24:42.720, 0 %, 0 %, 15360 MiB, 14910 MiB, 0 MiB
2023/01/02 17:24:43.722, 0 %, 0 %, 15360 MiB, 14910 MiB, 0 MiB
2023/01/02 17:24:44.724, 0 %, 0 %, 15360 MiB, 14910 MiB, 0 MiB
2023/01/02 17:24:45.726, 0 %, 0 %, 15360 MiB, 14910 MiB, 0 MiB
2023/01/02 17:24:46.728, 0 %, 0 %, 15360 MiB, 14910 MiB, 0 MiB
2023/01/02 17:24:47.730, 0 %, 0 %, 15360 MiB, 14910 MiB, 0 MiB
2023/01/02 17:24:48.732, 0 %, 0 %, 15360 MiB, 14910 MiB, 0 MiB
